msoa,council,period,maxincidence
Aber Valley,Caerphilly,All cases,"1,984.1"
Aber Valley,Caerphilly,Rolling 21 days (01 Oct - 21 Oct),940.6
Aber Valley,Caerphilly,Rolling 7 days (15 Oct - 21 Oct),102.9
Aberaeron & Llanrhystud,Ceredigion,All cases,211.4
Aberaeron & Llanrhystud,Ceredigion,Rolling 21 days (01 Oct - 21 Oct),42.3
Aberaeron & Llanrhystud,Ceredigion,Rolling 7 days (15 Oct - 21 Oct),<29
Aberafan,Neath Port Talbot,All cases,"1,218.0"
Aberafan,Neath Port Talbot,Rolling 21 days (01 Oct - 21 Oct),685.8
Aberafan,Neath Port Talbot,Rolling 7 days (15 Oct - 21 Oct),286.6
Aberaman,Rhondda Cynon Taf,All cases,"2,285.3"
Aberaman,Rhondda Cynon Taf,Rolling 21 days (01 Oct - 21 Oct),669.8
Aberaman,Rhondda Cynon Taf,Rolling 7 days (15 Oct - 21 Oct),266.0
Aberbargoed & Gilfach,Caerphilly,All cases,"1,070.5"
Aberbargoed & Gilfach,Caerphilly,Rolling 21 days (01 Oct - 21 Oct),428.2
Aberbargoed & Gilfach,Caerphilly,Rolling 7 days (15 Oct - 21 Oct),181.2
Abercynon,Rhondda Cynon Taf,All cases,"3,096.1"
Abercynon,Rhondda Cynon Taf,Rolling 21 days (01 Oct - 21 Oct),"1,109.1"
Abercynon,Rhondda Cynon Taf,Rolling 7 days (15 Oct - 21 Oct),585.3
Aberdare East & Cwm-bach,Rhondda Cynon Taf,All cases,"2,353.8"
Aberdare East & Cwm-bach,Rhondda Cynon Taf,Rolling 21 days (01 Oct - 21 Oct),722.0
Aberdare East & Cwm-bach,Rhondda Cynon Taf,Rolling 7 days (15 Oct - 21 Oct),361.0
Aberdare North & Llwydcoed,Rhondda Cynon Taf,All cases,"2,393.1"
Aberdare North & Llwydcoed,Rhondda Cynon Taf,Rolling 21 days (01 Oct - 21 Oct),"1,225.7"
Aberdare North & Llwydcoed,Rhondda Cynon Taf,Rolling 7 days (15 Oct - 21 Oct),408.6
Aberdare West,Rhondda Cynon Taf,All cases,"1,581.6"
Aberdare West,Rhondda Cynon Taf,Rolling 21 days (01 Oct - 21 Oct),655.8
Aberdare West,Rhondda Cynon Taf,Rolling 7 days (15 Oct - 21 Oct),205.7
Aberdulais & Resolfen,Neath Port Talbot,All cases,819.0
Aberdulais & Resolfen,Neath Port Talbot,Rolling 21 days (01 Oct - 21 Oct),438.7
Aberdulais & Resolfen,Neath Port Talbot,Rolling 7 days (15 Oct - 21 Oct),219.4
Abergavenny North,Monmouthshire,All cases,860.9
Abergavenny North,Monmouthshire,Rolling 21 days (01 Oct - 21 Oct),260.9
Abergavenny North,Monmouthshire,Rolling 7 days (15 Oct - 21 Oct),91.3
Abergavenny South & Crucorney,Monmouthshire,All cases,"1,449.6"
Abergavenny South & Crucorney,Monmouthshire,Rolling 21 days (01 Oct - 21 Oct),335.4
Abergavenny South & Crucorney,Monmouthshire,Rolling 7 days (15 Oct - 21 Oct),155.7
Abergele,Conwy,All cases,901.8
Abergele,Conwy,Rolling 21 days (01 Oct - 21 Oct),202.4
Abergele,Conwy,Rolling 7 days (15 Oct - 21 Oct),27.6
"Abergwili, Llanegwad & Carmel",Carmarthenshire,All cases,630.7
"Abergwili, Llanegwad & Carmel",Carmarthenshire,Rolling 21 days (01 Oct - 21 Oct),255.3
"Abergwili, Llanegwad & Carmel",Carmarthenshire,Rolling 7 days (15 Oct - 21 Oct),75.1
"Abermule, Churchstoke & Kerry",Powys,All cases,301.7
"Abermule, Churchstoke & Kerry",Powys,Rolling 21 days (01 Oct - 21 Oct),53.2
"Abermule, Churchstoke & Kerry",Powys,Rolling 7 days (15 Oct - 21 Oct),<36
Abersoch & Aberdaron,Gwynedd,All cases,816.9
Abersoch & Aberdaron,Gwynedd,Rolling 21 days (01 Oct - 21 Oct),323.3
Abersoch & Aberdaron,Gwynedd,Rolling 7 days (15 Oct - 21 Oct),136.1
Abersychan,Torfaen,All cases,797.0
Abersychan,Torfaen,Rolling 21 days (01 Oct - 21 Oct),324.2
Abersychan,Torfaen,Rolling 7 days (15 Oct - 21 Oct),108.1
Abertillery North & Cwmtillery,Blaenau Gwent,All cases,"1,066.3"
Abertillery North & Cwmtillery,Blaenau Gwent,Rolling 21 days (01 Oct - 21 Oct),399.9
Abertillery North & Cwmtillery,Blaenau Gwent,Rolling 7 days (15 Oct - 21 Oct),155.5
Abertillery South & Llanhilleth,Blaenau Gwent,All cases,953.6
Abertillery South & Llanhilleth,Blaenau Gwent,Rolling 21 days (01 Oct - 21 Oct),512.4
Abertillery South & Llanhilleth,Blaenau Gwent,Rolling 7 days (15 Oct - 21 Oct),227.7
Aberystwyth North,Ceredigion,All cases,599.9
Aberystwyth North,Ceredigion,Rolling 21 days (01 Oct - 21 Oct),283.0
Aberystwyth North,Ceredigion,Rolling 7 days (15 Oct - 21 Oct),56.6
Aberystwyth South,Ceredigion,All cases,283.9
Aberystwyth South,Ceredigion,Rolling 21 days (01 Oct - 21 Oct),74.7
Aberystwyth South,Ceredigion,Rolling 7 days (15 Oct - 21 Oct),<30
Acton & Maes-y-dre,Wrexham,All cases,"2,472.3"
Acton & Maes-y-dre,Wrexham,Rolling 21 days (01 Oct - 21 Oct),731.8
Acton & Maes-y-dre,Wrexham,Rolling 7 days (15 Oct - 21 Oct),197.8
Adamsdown,Cardiff,All cases,"1,192.7"
Adamsdown,Cardiff,Rolling 21 days (01 Oct - 21 Oct),513.5
Adamsdown,Cardiff,Rolling 7 days (15 Oct - 21 Oct),231.9
Amlwch & Llannerch-y-medd,Anglesey,All cases,"1,036.4"
Amlwch & Llannerch-y-medd,Anglesey,Rolling 21 days (01 Oct - 21 Oct),368.5
Amlwch & Llannerch-y-medd,Anglesey,Rolling 7 days (15 Oct - 21 Oct),310.9
Ammanford & Betws,Carmarthenshire,All cases,530.0
Ammanford & Betws,Carmarthenshire,Rolling 21 days (01 Oct - 21 Oct),126.2
Ammanford & Betws,Carmarthenshire,Rolling 7 days (15 Oct - 21 Oct),50.5
Baglan,Neath Port Talbot,All cases,"1,159.9"
Baglan,Neath Port Talbot,Rolling 21 days (01 Oct - 21 Oct),505.6
Baglan,Neath Port Talbot,Rolling 7 days (15 Oct - 21 Oct),193.3
Bala & Mawddwy,Gwynedd,All cases,316.5
Bala & Mawddwy,Gwynedd,Rolling 21 days (01 Oct - 21 Oct),133.2
Bala & Mawddwy,Gwynedd,Rolling 7 days (15 Oct - 21 Oct),<34
Bangor City,Gwynedd,All cases,"2,334.8"
Bangor City,Gwynedd,Rolling 21 days (01 Oct - 21 Oct),"1,521.8"
Bangor City,Gwynedd,Rolling 7 days (15 Oct - 21 Oct),145.9
Bangor South,Gwynedd,All cases,"1,524.4"
Bangor South,Gwynedd,Rolling 21 days (01 Oct - 21 Oct),432.1
Bangor South,Gwynedd,Rolling 7 days (15 Oct - 21 Oct),228.1
"Bangor-on-Dee, Overton & Penley",Wrexham,All cases,692.0
"Bangor-on-Dee, Overton & Penley",Wrexham,Rolling 21 days (01 Oct - 21 Oct),331.0
"Bangor-on-Dee, Overton & Penley",Wrexham,Rolling 7 days (15 Oct - 21 Oct),45.1
Bargoed,Caerphilly,All cases,647.8
Bargoed,Caerphilly,Rolling 21 days (01 Oct - 21 Oct),113.4
Bargoed,Caerphilly,Rolling 7 days (15 Oct - 21 Oct),64.8
Barmouth & Dolgellau,Gwynedd,All cases,287.1
Barmouth & Dolgellau,Gwynedd,Rolling 21 days (01 Oct - 21 Oct),75.6
Barmouth & Dolgellau,Gwynedd,Rolling 7 days (15 Oct - 21 Oct),<31
Barry Dyfan & Illtyd,The Vale of Glamorgan,All cases,783.5
Barry Dyfan & Illtyd,The Vale of Glamorgan,Rolling 21 days (01 Oct - 21 Oct),<37
Barry Dyfan & Illtyd,The Vale of Glamorgan,Rolling 7 days (15 Oct - 21 Oct),<37
Barry East,The Vale of Glamorgan,All cases,809.0
Barry East,The Vale of Glamorgan,Rolling 21 days (01 Oct - 21 Oct),88.9
Barry East,The Vale of Glamorgan,Rolling 7 days (15 Oct - 21 Oct),<18
Barry Island,The Vale of Glamorgan,All cases,913.2
Barry Island,The Vale of Glamorgan,Rolling 21 days (01 Oct - 21 Oct),205.2
Barry Island,The Vale of Glamorgan,Rolling 7 days (15 Oct - 21 Oct),82.1
Barry West,The Vale of Glamorgan,All cases,"1,212.8"
Barry West,The Vale of Glamorgan,Rolling 21 days (01 Oct - 21 Oct),173.3
Barry West,The Vale of Glamorgan,Rolling 7 days (15 Oct - 21 Oct),43.3
Beaumaris & Benllech,Anglesey,All cases,662.7
Beaumaris & Benllech,Anglesey,Rolling 21 days (01 Oct - 21 Oct),201.2
Beaumaris & Benllech,Anglesey,Rolling 7 days (15 Oct - 21 Oct),142.0
Beddau & Tyn-y-nant,Rhondda Cynon Taf,All cases,"1,717.7"
Beddau & Tyn-y-nant,Rhondda Cynon Taf,Rolling 21 days (01 Oct - 21 Oct),593.2
Beddau & Tyn-y-nant,Rhondda Cynon Taf,Rolling 7 days (15 Oct - 21 Oct),284.2
Bedwas & Trethomas,Caerphilly,All cases,"1,814.7"
Bedwas & Trethomas,Caerphilly,Rolling 21 days (01 Oct - 21 Oct),380.5
Bedwas & Trethomas,Caerphilly,Rolling 7 days (15 Oct - 21 Oct),219.5
Beechwood,Newport,All cases,919.1
Beechwood,Newport,Rolling 21 days (01 Oct - 21 Oct),131.3
Beechwood,Newport,Rolling 7 days (15 Oct - 21 Oct),82.1
Bethel & Llanrug,Gwynedd,All cases,787.5
Bethel & Llanrug,Gwynedd,Rolling 21 days (01 Oct - 21 Oct),131.3
Bethel & Llanrug,Gwynedd,Rolling 7 days (15 Oct - 21 Oct),58.3
Bethesda,Gwynedd,All cases,885.2
Bethesda,Gwynedd,Rolling 21 days (01 Oct - 21 Oct),232.9
Bethesda,Gwynedd,Rolling 7 days (15 Oct - 21 Oct),116.5
Bettws,Newport,All cases,"1,143.7"
Bettws,Newport,Rolling 21 days (01 Oct - 21 Oct),236.2
Bettws,Newport,Rolling 7 days (15 Oct - 21 Oct),99.5
"Betws-yn-Rhos, Llangernyw & Llansannan",Conwy,All cases,790.9
"Betws-yn-Rhos, Llangernyw & Llansannan",Conwy,Rolling 21 days (01 Oct - 21 Oct),186.9
"Betws-yn-Rhos, Llangernyw & Llansannan",Conwy,Rolling 7 days (15 Oct - 21 Oct),86.3
"Beulah, Troed-yr-aur & Llandysul",Ceredigion,All cases,216.5
"Beulah, Troed-yr-aur & Llandysul",Ceredigion,Rolling 21 days (01 Oct - 21 Oct),81.2
"Beulah, Troed-yr-aur & Llandysul",Ceredigion,Rolling 7 days (15 Oct - 21 Oct),40.6
Birchgrove,Cardiff,All cases,"1,727.5"
Birchgrove,Cardiff,Rolling 21 days (01 Oct - 21 Oct),912.6
Birchgrove,Cardiff,Rolling 7 days (15 Oct - 21 Oct),325.9
Birchgrove,Swansea,All cases,"1,277.1"
Birchgrove,Swansea,Rolling 21 days (01 Oct - 21 Oct),644.8
Birchgrove,Swansea,Rolling 7 days (15 Oct - 21 Oct),372.0
Blackwood,Caerphilly,All cases,870.7
Blackwood,Caerphilly,Rolling 21 days (01 Oct - 21 Oct),312.9
Blackwood,Caerphilly,Rolling 7 days (15 Oct - 21 Oct),190.5
Blaenau Ffestiniog & Trawsfynydd,Gwynedd,All cases,493.0
Blaenau Ffestiniog & Trawsfynydd,Gwynedd,Rolling 21 days (01 Oct - 21 Oct),138.7
Blaenau Ffestiniog & Trawsfynydd,Gwynedd,Rolling 7 days (15 Oct - 21 Oct),<31
Blaenavon,Torfaen,All cases,"1,425.9"
Blaenavon,Torfaen,Rolling 21 days (01 Oct - 21 Oct),635.5
Blaenavon,Torfaen,Rolling 7 days (15 Oct - 21 Oct),248.0
"Blaengarw, Pontycymer & Bettws",Bridgend,All cases,"2,557.2"
"Blaengarw, Pontycymer & Bettws",Bridgend,Rolling 21 days (01 Oct - 21 Oct),"1,790.1"
"Blaengarw, Pontycymer & Bettws",Bridgend,Rolling 7 days (15 Oct - 21 Oct),332.4
Blaina & Nantyglo,Blaenau Gwent,All cases,"2,740.3"
Blaina & Nantyglo,Blaenau Gwent,Rolling 21 days (01 Oct - 21 Oct),632.4
Blaina & Nantyglo,Blaenau Gwent,Rolling 7 days (15 Oct - 21 Oct),189.7
Bodedern & Rhosneigr,Anglesey,All cases,819.8
Bodedern & Rhosneigr,Anglesey,Rolling 21 days (01 Oct - 21 Oct),250.1
Bodedern & Rhosneigr,Anglesey,Rolling 7 days (15 Oct - 21 Oct),152.8
Bon-y-maen,Swansea,All cases,"2,139.0"
Bon-y-maen,Swansea,Rolling 21 days (01 Oct - 21 Oct),"1,076.1"
Bon-y-maen,Swansea,Rolling 7 days (15 Oct - 21 Oct),624.4
Borras & Rhosnesni,Wrexham,All cases,"1,528.6"
Borras & Rhosnesni,Wrexham,Rolling 21 days (01 Oct - 21 Oct),537.1
Borras & Rhosnesni,Wrexham,Rolling 7 days (15 Oct - 21 Oct),<42
Borth & Bont-goch,Ceredigion,All cases,403.2
Borth & Bont-goch,Ceredigion,Rolling 21 days (01 Oct - 21 Oct),161.3
Borth & Bont-goch,Ceredigion,Rolling 7 days (15 Oct - 21 Oct),53.8
Brackla East & Coychurch Lower,Bridgend,All cases,"1,500.2"
Brackla East & Coychurch Lower,Bridgend,Rolling 21 days (01 Oct - 21 Oct),545.5
Brackla East & Coychurch Lower,Bridgend,Rolling 7 days (15 Oct - 21 Oct),187.5
Brackla West,Bridgend,All cases,970.0
Brackla West,Bridgend,Rolling 21 days (01 Oct - 21 Oct),500.6
Brackla West,Bridgend,Rolling 7 days (15 Oct - 21 Oct),203.4
Brecon,Powys,All cases,702.4
Brecon,Powys,Rolling 21 days (01 Oct - 21 Oct),297.6
Brecon,Powys,Rolling 7 days (15 Oct - 21 Oct),83.3
Briton Ferry,Neath Port Talbot,All cases,"1,102.9"
Briton Ferry,Neath Port Talbot,Rolling 21 days (01 Oct - 21 Oct),388.5
Briton Ferry,Neath Port Talbot,Rolling 7 days (15 Oct - 21 Oct),150.4
Broadlands,Bridgend,All cases,"1,009.2"
Broadlands,Bridgend,Rolling 21 days (01 Oct - 21 Oct),324.4
Broadlands,Bridgend,Rolling 7 days (15 Oct - 21 Oct),126.1
Broughton & Saltney,Flintshire,All cases,983.1
Broughton & Saltney,Flintshire,Rolling 21 days (01 Oct - 21 Oct),391.6
Broughton & Saltney,Flintshire,Rolling 7 days (15 Oct - 21 Oct),66.7
Bryn-cae & Llanharan,Rhondda Cynon Taf,All cases,"1,325.4"
Bryn-cae & Llanharan,Rhondda Cynon Taf,Rolling 21 days (01 Oct - 21 Oct),363.4
Bryn-cae & Llanharan,Rhondda Cynon Taf,Rolling 7 days (15 Oct - 21 Oct),138.9
Bryn-mawr,Blaenau Gwent,All cases,"2,720.7"
Bryn-mawr,Blaenau Gwent,Rolling 21 days (01 Oct - 21 Oct),522.5
Bryn-mawr,Blaenau Gwent,Rolling 7 days (15 Oct - 21 Oct),234.2
"Brynaman, Y Garnant & Glanaman",Carmarthenshire,All cases,570.1
"Brynaman, Y Garnant & Glanaman",Carmarthenshire,Rolling 21 days (01 Oct - 21 Oct),162.9
"Brynaman, Y Garnant & Glanaman",Carmarthenshire,Rolling 7 days (15 Oct - 21 Oct),95.0
Brynmill,Swansea,All cases,"1,747.7"
Brynmill,Swansea,Rolling 21 days (01 Oct - 21 Oct),"1,158.6"
Brynmill,Swansea,Rolling 7 days (15 Oct - 21 Oct),353.5
"Buckley North, Northop & Sychdyn",Flintshire,All cases,"1,213.8"
"Buckley North, Northop & Sychdyn",Flintshire,Rolling 21 days (01 Oct - 21 Oct),482.4
"Buckley North, Northop & Sychdyn",Flintshire,Rolling 7 days (15 Oct - 21 Oct),108.9
Buckley South,Flintshire,All cases,"1,060.5"
Buckley South,Flintshire,Rolling 21 days (01 Oct - 21 Oct),455.9
Buckley South,Flintshire,Rolling 7 days (15 Oct - 21 Oct),118.9
Builth Wells & Llanwrtyd Wells,Powys,All cases,254.1
Builth Wells & Llanwrtyd Wells,Powys,Rolling 21 days (01 Oct - 21 Oct),74.7
Builth Wells & Llanwrtyd Wells,Powys,Rolling 7 days (15 Oct - 21 Oct),44.8
Butetown,Cardiff,All cases,"1,341.7"
Butetown,Cardiff,Rolling 21 days (01 Oct - 21 Oct),471.9
Butetown,Cardiff,Rolling 7 days (15 Oct - 21 Oct),231.3
Bynea & Llwynhendy,Carmarthenshire,All cases,"1,659.5"
Bynea & Llwynhendy,Carmarthenshire,Rolling 21 days (01 Oct - 21 Oct),354.0
Bynea & Llwynhendy,Carmarthenshire,Rolling 7 days (15 Oct - 21 Oct),77.4
Cadoxton & Bryn-coch,Neath Port Talbot,All cases,"1,075.7"
Cadoxton & Bryn-coch,Neath Port Talbot,Rolling 21 days (01 Oct - 21 Oct),589.4
Cadoxton & Bryn-coch,Neath Port Talbot,Rolling 7 days (15 Oct - 21 Oct),309.5
Caerau,Bridgend,All cases,"1,299.6"
Caerau,Bridgend,Rolling 21 days (01 Oct - 21 Oct),663.9
Caerau,Bridgend,Rolling 7 days (15 Oct - 21 Oct),197.8
Caerau East,Cardiff,All cases,"1,454.3"
Caerau East,Cardiff,Rolling 21 days (01 Oct - 21 Oct),276.3
Caerau East,Cardiff,Rolling 7 days (15 Oct - 21 Oct),116.3
Caerau West,Cardiff,All cases,"1,570.1"
Caerau West,Cardiff,Rolling 21 days (01 Oct - 21 Oct),636.9
Caerau West,Cardiff,Rolling 7 days (15 Oct - 21 Oct),296.3
Caerleon,Newport,All cases,732.6
Caerleon,Newport,Rolling 21 days (01 Oct - 21 Oct),282.7
Caerleon,Newport,Rolling 7 days (15 Oct - 21 Oct),154.2
Caernarfon East,Gwynedd,All cases,867.5
Caernarfon East,Gwynedd,Rolling 21 days (01 Oct - 21 Oct),93.8
Caernarfon East,Gwynedd,Rolling 7 days (15 Oct - 21 Oct),70.3
Caernarfon West & Waunfawr,Gwynedd,All cases,627.6
Caernarfon West & Waunfawr,Gwynedd,Rolling 21 days (01 Oct - 21 Oct),74.7
Caernarfon West & Waunfawr,Gwynedd,Rolling 7 days (15 Oct - 21 Oct),<30
Caerphilly East,Caerphilly,All cases,"1,696.3"
Caerphilly East,Caerphilly,Rolling 21 days (01 Oct - 21 Oct),518.0
Caerphilly East,Caerphilly,Rolling 7 days (15 Oct - 21 Oct),243.8
Caerphilly South,Caerphilly,All cases,"1,646.4"
Caerphilly South,Caerphilly,Rolling 21 days (01 Oct - 21 Oct),252.6
Caerphilly South,Caerphilly,Rolling 7 days (15 Oct - 21 Oct),102.9
Caerphilly West,Caerphilly,All cases,"1,422.9"
Caerphilly West,Caerphilly,Rolling 21 days (01 Oct - 21 Oct),385.6
Caerphilly West,Caerphilly,Rolling 7 days (15 Oct - 21 Oct),159.6
"Caerwys, Halkyn & Nannerch",Flintshire,All cases,924.6
"Caerwys, Halkyn & Nannerch",Flintshire,Rolling 21 days (01 Oct - 21 Oct),209.6
"Caerwys, Halkyn & Nannerch",Flintshire,Rolling 7 days (15 Oct - 21 Oct),61.6
Caia Park,Wrexham,All cases,"2,128.6"
Caia Park,Wrexham,Rolling 21 days (01 Oct - 21 Oct),560.1
Caia Park,Wrexham,Rolling 7 days (15 Oct - 21 Oct),140.0
Caldicot North & Caer-went,Monmouthshire,All cases,364.8
Caldicot North & Caer-went,Monmouthshire,Rolling 21 days (01 Oct - 21 Oct),117.7
Caldicot North & Caer-went,Monmouthshire,Rolling 7 days (15 Oct - 21 Oct),35.3
Caldicot South,Monmouthshire,All cases,488.0
Caldicot South,Monmouthshire,Rolling 21 days (01 Oct - 21 Oct),97.6
Caldicot South,Monmouthshire,Rolling 7 days (15 Oct - 21 Oct),36.6
Canton,Cardiff,All cases,"1,423.3"
Canton,Cardiff,Rolling 21 days (01 Oct - 21 Oct),478.1
Canton,Cardiff,Rolling 7 days (15 Oct - 21 Oct),141.2
Cardiff Bay,Cardiff,All cases,"1,012.6"
Cardiff Bay,Cardiff,Rolling 21 days (01 Oct - 21 Oct),448.9
Cardiff Bay,Cardiff,Rolling 7 days (15 Oct - 21 Oct),187.9
Cardigan & Aber-porth,Ceredigion,All cases,135.2
Cardigan & Aber-porth,Ceredigion,Rolling 21 days (01 Oct - 21 Oct),67.6
Cardigan & Aber-porth,Ceredigion,Rolling 7 days (15 Oct - 21 Oct),<23
Carmarthen North,Carmarthenshire,All cases,738.3
Carmarthen North,Carmarthenshire,Rolling 21 days (01 Oct - 21 Oct),272.0
Carmarthen North,Carmarthenshire,Rolling 7 days (15 Oct - 21 Oct),77.7
Carmarthen South & Llangynnwr,Carmarthenshire,All cases,728.8
Carmarthen South & Llangynnwr,Carmarthenshire,Rolling 21 days (01 Oct - 21 Oct),248.1
Carmarthen South & Llangynnwr,Carmarthenshire,Rolling 7 days (15 Oct - 21 Oct),<32
Carmarthen West & Cynwyl Elfed,Carmarthenshire,All cases,556.9
Carmarthen West & Cynwyl Elfed,Carmarthenshire,Rolling 21 days (01 Oct - 21 Oct),150.8
Carmarthen West & Cynwyl Elfed,Carmarthenshire,Rolling 7 days (15 Oct - 21 Oct),46.4
Cathays North,Cardiff,All cases,"3,425.2"
Cathays North,Cardiff,Rolling 21 days (01 Oct - 21 Oct),"2,248.1"
Cathays North,Cardiff,Rolling 7 days (15 Oct - 21 Oct),922.6
Cathays South & Bute Park,Cardiff,All cases,"4,271.6"
Cathays South & Bute Park,Cardiff,Rolling 21 days (01 Oct - 21 Oct),"3,711.0"
Cathays South & Bute Park,Cardiff,Rolling 7 days (15 Oct - 21 Oct),"2,060.8"
Cefn Mawr,Wrexham,All cases,"1,263.9"
Cefn Mawr,Wrexham,Rolling 21 days (01 Oct - 21 Oct),490.3
Cefn Mawr,Wrexham,Rolling 7 days (15 Oct - 21 Oct),196.1
Cefn-glas & Bryntirion,Bridgend,All cases,"1,160.2"
Cefn-glas & Bryntirion,Bridgend,Rolling 21 days (01 Oct - 21 Oct),540.4
Cefn-glas & Bryntirion,Bridgend,Rolling 7 days (15 Oct - 21 Oct),127.1
"Cefncoedycymer, Heolgerrig & Park",Merthyr Tydfil,All cases,"2,416.0"
"Cefncoedycymer, Heolgerrig & Park",Merthyr Tydfil,Rolling 21 days (01 Oct - 21 Oct),"1,035.4"
"Cefncoedycymer, Heolgerrig & Park",Merthyr Tydfil,Rolling 7 days (15 Oct - 21 Oct),322.1
Central Bridgend,Bridgend,All cases,832.6
Central Bridgend,Bridgend,Rolling 21 days (01 Oct - 21 Oct),410.5
Central Bridgend,Bridgend,Rolling 7 days (15 Oct - 21 Oct),164.2
Central Swansea,Swansea,All cases,836.2
Central Swansea,Swansea,Rolling 21 days (01 Oct - 21 Oct),379.2
Central Swansea,Swansea,Rolling 7 days (15 Oct - 21 Oct),194.5
Chepstow North & Trellech,Monmouthshire,All cases,423.0
Chepstow North & Trellech,Monmouthshire,Rolling 21 days (01 Oct - 21 Oct),237.3
Chepstow North & Trellech,Monmouthshire,Rolling 7 days (15 Oct - 21 Oct),123.8
Chepstow South,Monmouthshire,All cases,511.2
Chepstow South,Monmouthshire,Rolling 21 days (01 Oct - 21 Oct),162.6
Chepstow South,Monmouthshire,Rolling 7 days (15 Oct - 21 Oct),69.7
Chirk & Ceiriog Valley,Wrexham,All cases,910.2
Chirk & Ceiriog Valley,Wrexham,Rolling 21 days (01 Oct - 21 Oct),478.2
Chirk & Ceiriog Valley,Wrexham,Rolling 7 days (15 Oct - 21 Oct),262.3
Church Village East & Ton-teg,Rhondda Cynon Taf,All cases,"1,493.2"
Church Village East & Ton-teg,Rhondda Cynon Taf,Rolling 21 days (01 Oct - 21 Oct),503.0
Church Village East & Ton-teg,Rhondda Cynon Taf,Rolling 7 days (15 Oct - 21 Oct),235.8
Church Village West,Rhondda Cynon Taf,All cases,"1,555.9"
Church Village West,Rhondda Cynon Taf,Rolling 21 days (01 Oct - 21 Oct),583.5
Church Village West,Rhondda Cynon Taf,Rolling 7 days (15 Oct - 21 Oct),313.3
Cilgerran & Crymych,Pembrokeshire,All cases,176.6
Cilgerran & Crymych,Pembrokeshire,Rolling 21 days (01 Oct - 21 Oct),35.3
Cilgerran & Crymych,Pembrokeshire,Rolling 7 days (15 Oct - 21 Oct),<24
Cimla,Neath Port Talbot,All cases,"1,683.6"
Cimla,Neath Port Talbot,Rolling 21 days (01 Oct - 21 Oct),743.9
Cimla,Neath Port Talbot,Rolling 7 days (15 Oct - 21 Oct),313.2
Clydach & Mawr,Swansea,All cases,"1,007.5"
Clydach & Mawr,Swansea,Rolling 21 days (01 Oct - 21 Oct),472.2
Clydach & Mawr,Swansea,Rolling 7 days (15 Oct - 21 Oct),220.4
Cockett,Swansea,All cases,"1,283.5"
Cockett,Swansea,Rolling 21 days (01 Oct - 21 Oct),565.8
Cockett,Swansea,Rolling 7 days (15 Oct - 21 Oct),179.4
Coedpoeth & Brymbo,Wrexham,All cases,"1,643.8"
Coedpoeth & Brymbo,Wrexham,Rolling 21 days (01 Oct - 21 Oct),668.5
Coedpoeth & Brymbo,Wrexham,Rolling 7 days (15 Oct - 21 Oct),98.6
Colwyn Bay North,Conwy,All cases,"1,531.5"
Colwyn Bay North,Conwy,Rolling 21 days (01 Oct - 21 Oct),499.8
Colwyn Bay North,Conwy,Rolling 7 days (15 Oct - 21 Oct),96.7
Connah's Quay North,Flintshire,All cases,654.9
Connah's Quay North,Flintshire,Rolling 21 days (01 Oct - 21 Oct),343.8
Connah's Quay North,Flintshire,Rolling 7 days (15 Oct - 21 Oct),114.6
Connah's Quay South & Northop Hall,Flintshire,All cases,"1,008.1"
Connah's Quay South & Northop Hall,Flintshire,Rolling 21 days (01 Oct - 21 Oct),481.5
Connah's Quay South & Northop Hall,Flintshire,Rolling 7 days (15 Oct - 21 Oct),60.2
Connah's Quay Wepre,Flintshire,All cases,"1,075.7"
Connah's Quay Wepre,Flintshire,Rolling 21 days (01 Oct - 21 Oct),503.8
Connah's Quay Wepre,Flintshire,Rolling 7 days (15 Oct - 21 Oct),95.3
Conwy & Afon Roe,Conwy,All cases,882.7
Conwy & Afon Roe,Conwy,Rolling 21 days (01 Oct - 21 Oct),378.3
Conwy & Afon Roe,Conwy,Rolling 7 days (15 Oct - 21 Oct),126.1
Cornelly,Bridgend,All cases,"1,000.7"
Cornelly,Bridgend,Rolling 21 days (01 Oct - 21 Oct),302.8
Cornelly,Bridgend,Rolling 7 days (15 Oct - 21 Oct),118.5
"Corwen, Llanelidan & Efenechdyd",Denbighshire,All cases,719.0
"Corwen, Llanelidan & Efenechdyd",Denbighshire,Rolling 21 days (01 Oct - 21 Oct),264.9
"Corwen, Llanelidan & Efenechdyd",Denbighshire,Rolling 7 days (15 Oct - 21 Oct),113.5
Cowbridge,The Vale of Glamorgan,All cases,916.0
Cowbridge,The Vale of Glamorgan,Rolling 21 days (01 Oct - 21 Oct),310.5
Cowbridge,The Vale of Glamorgan,Rolling 7 days (15 Oct - 21 Oct),77.6
"Creigiau, Pentyrch & St Fagans",Cardiff,All cases,"1,663.7"
"Creigiau, Pentyrch & St Fagans",Cardiff,Rolling 21 days (01 Oct - 21 Oct),637.7
"Creigiau, Pentyrch & St Fagans",Cardiff,Rolling 7 days (15 Oct - 21 Oct),180.2
Cricieth & Llanaelhaearn,Gwynedd,All cases,620.2
Cricieth & Llanaelhaearn,Gwynedd,Rolling 21 days (01 Oct - 21 Oct),101.0
Cricieth & Llanaelhaearn,Gwynedd,Rolling 7 days (15 Oct - 21 Oct),57.7
"Crickhowell, Llangynidr & Llangorse",Powys,All cases,402.1
"Crickhowell, Llangynidr & Llangorse",Powys,Rolling 21 days (01 Oct - 21 Oct),114.9
"Crickhowell, Llangynidr & Llangorse",Powys,Rolling 7 days (15 Oct - 21 Oct),57.4
Croesyceiliog,Torfaen,All cases,770.5
Croesyceiliog,Torfaen,Rolling 21 days (01 Oct - 21 Oct),344.0
Croesyceiliog,Torfaen,Rolling 7 days (15 Oct - 21 Oct),192.6
Crosskeys North & Abercarn,Caerphilly,All cases,797.4
Crosskeys North & Abercarn,Caerphilly,Rolling 21 days (01 Oct - 21 Oct),302.4
Crosskeys North & Abercarn,Caerphilly,Rolling 7 days (15 Oct - 21 Oct),165.0
Crosskeys South & Ynysddu,Caerphilly,All cases,"1,046.7"
Crosskeys South & Ynysddu,Caerphilly,Rolling 21 days (01 Oct - 21 Oct),257.4
Crosskeys South & Ynysddu,Caerphilly,Rolling 7 days (15 Oct - 21 Oct),154.4
"Crundale, Clynderwen & Maenclochog",Pembrokeshire,All cases,569.0
"Crundale, Clynderwen & Maenclochog",Pembrokeshire,Rolling 21 days (01 Oct - 21 Oct),69.4
"Crundale, Clynderwen & Maenclochog",Pembrokeshire,Rolling 7 days (15 Oct - 21 Oct),55.5
Cwmafan & Bryn,Neath Port Talbot,All cases,"1,147.5"
Cwmafan & Bryn,Neath Port Talbot,Rolling 21 days (01 Oct - 21 Oct),535.5
Cwmafan & Bryn,Neath Port Talbot,Rolling 7 days (15 Oct - 21 Oct),204.0
Cwmbran,Torfaen,All cases,613.3
Cwmbran,Torfaen,Rolling 21 days (01 Oct - 21 Oct),213.3
Cwmbran,Torfaen,Rolling 7 days (15 Oct - 21 Oct),80.0
Cwmbwrla,Swansea,All cases,"1,406.5"
Cwmbwrla,Swansea,Rolling 21 days (01 Oct - 21 Oct),524.2
Cwmbwrla,Swansea,Rolling 7 days (15 Oct - 21 Oct),242.9
Cydweli & Trimsaran,Carmarthenshire,All cases,501.9
Cydweli & Trimsaran,Carmarthenshire,Rolling 21 days (01 Oct - 21 Oct),80.9
Cydweli & Trimsaran,Carmarthenshire,Rolling 7 days (15 Oct - 21 Oct),<33
Cyncoed North,Cardiff,All cases,"1,163.6"
Cyncoed North,Cardiff,Rolling 21 days (01 Oct - 21 Oct),236.1
Cyncoed North,Cardiff,Rolling 7 days (15 Oct - 21 Oct),<34
Cyncoed South & Roath Park,Cardiff,All cases,"2,079.2"
Cyncoed South & Roath Park,Cardiff,Rolling 21 days (01 Oct - 21 Oct),967.7
Cyncoed South & Roath Park,Cardiff,Rolling 7 days (15 Oct - 21 Oct),536.2
Dafen & Felin-foel,Carmarthenshire,All cases,"1,861.1"
Dafen & Felin-foel,Carmarthenshire,Rolling 21 days (01 Oct - 21 Oct),465.3
Dafen & Felin-foel,Carmarthenshire,Rolling 7 days (15 Oct - 21 Oct),268.4
Denbigh East & Pentre Llanrhaeadr,Denbighshire,All cases,"1,761.0"
Denbigh East & Pentre Llanrhaeadr,Denbighshire,Rolling 21 days (01 Oct - 21 Oct),303.6
Denbigh East & Pentre Llanrhaeadr,Denbighshire,Rolling 7 days (15 Oct - 21 Oct),45.5
Denbigh West,Denbighshire,All cases,"1,778.2"
Denbigh West,Denbighshire,Rolling 21 days (01 Oct - 21 Oct),325.0
Denbigh West,Denbighshire,Rolling 7 days (15 Oct - 21 Oct),<39
Dinas Powys,The Vale of Glamorgan,All cases,968.8
Dinas Powys,The Vale of Glamorgan,Rolling 21 days (01 Oct - 21 Oct),236.0
Dinas Powys,The Vale of Glamorgan,Rolling 7 days (15 Oct - 21 Oct),74.5
Dowlais,Merthyr Tydfil,All cases,"3,349.6"
Dowlais,Merthyr Tydfil,Rolling 21 days (01 Oct - 21 Oct),769.8
Dowlais,Merthyr Tydfil,Rolling 7 days (15 Oct - 21 Oct),384.9
Duffryn & Maesglas,Newport,All cases,"1,208.8"
Duffryn & Maesglas,Newport,Rolling 21 days (01 Oct - 21 Oct),256.4
Duffryn & Maesglas,Newport,Rolling 7 days (15 Oct - 21 Oct),97.7
Dulais Valley,Neath Port Talbot,All cases,898.7
Dulais Valley,Neath Port Talbot,Rolling 21 days (01 Oct - 21 Oct),535.4
Dulais Valley,Neath Port Talbot,Rolling 7 days (15 Oct - 21 Oct),229.4
Dunvant & Upper Killay,Swansea,All cases,"1,139.2"
Dunvant & Upper Killay,Swansea,Rolling 21 days (01 Oct - 21 Oct),587.4
Dunvant & Upper Killay,Swansea,Rolling 7 days (15 Oct - 21 Oct),320.4
Dyserth & Tremeirchion,Denbighshire,All cases,"1,031.7"
Dyserth & Tremeirchion,Denbighshire,Rolling 21 days (01 Oct - 21 Oct),354.2
Dyserth & Tremeirchion,Denbighshire,Rolling 7 days (15 Oct - 21 Oct),107.8
Ebbw Vale North & Glyncoed,Blaenau Gwent,All cases,"1,058.9"
Ebbw Vale North & Glyncoed,Blaenau Gwent,Rolling 21 days (01 Oct - 21 Oct),421.0
Ebbw Vale North & Glyncoed,Blaenau Gwent,Rolling 7 days (15 Oct - 21 Oct),191.4
Ebbw Vale South & Cwm,Blaenau Gwent,All cases,"1,202.3"
Ebbw Vale South & Cwm,Blaenau Gwent,Rolling 21 days (01 Oct - 21 Oct),471.5
Ebbw Vale South & Cwm,Blaenau Gwent,Rolling 7 days (15 Oct - 21 Oct),212.2
Ely East,Cardiff,All cases,"1,029.6"
Ely East,Cardiff,Rolling 21 days (01 Oct - 21 Oct),437.6
Ely East,Cardiff,Rolling 7 days (15 Oct - 21 Oct),205.9
Ely West,Cardiff,All cases,"1,202.5"
Ely West,Cardiff,Rolling 21 days (01 Oct - 21 Oct),390.0
Ely West,Cardiff,Rolling 7 days (15 Oct - 21 Oct),130.0
Ewloe & Hawarden,Flintshire,All cases,"1,205.4"
Ewloe & Hawarden,Flintshire,Rolling 21 days (01 Oct - 21 Oct),671.7
Ewloe & Hawarden,Flintshire,Rolling 7 days (15 Oct - 21 Oct),193.2
Fairwater & Greenmeadow,Torfaen,All cases,664.6
Fairwater & Greenmeadow,Torfaen,Rolling 21 days (01 Oct - 21 Oct),200.9
Fairwater & Greenmeadow,Torfaen,Rolling 7 days (15 Oct - 21 Oct),46.4
Fairwater North,Cardiff,All cases,"1,160.3"
Fairwater North,Cardiff,Rolling 21 days (01 Oct - 21 Oct),301.4
Fairwater North,Cardiff,Rolling 7 days (15 Oct - 21 Oct),135.6
Fairwater South,Cardiff,All cases,"1,475.6"
Fairwater South,Cardiff,Rolling 21 days (01 Oct - 21 Oct),559.2
Fairwater South,Cardiff,Rolling 7 days (15 Oct - 21 Oct),233.0
Ferndale & Maerdy,Rhondda Cynon Taf,All cases,"2,336.9"
Ferndale & Maerdy,Rhondda Cynon Taf,Rolling 21 days (01 Oct - 21 Oct),697.6
Ferndale & Maerdy,Rhondda Cynon Taf,Rolling 7 days (15 Oct - 21 Oct),279.0
Fishguard,Pembrokeshire,All cases,232.3
Fishguard,Pembrokeshire,Rolling 21 days (01 Oct - 21 Oct),60.6
Fishguard,Pembrokeshire,Rolling 7 days (15 Oct - 21 Oct),30.3
Flint North East,Flintshire,All cases,"1,181.0"
Flint North East,Flintshire,Rolling 21 days (01 Oct - 21 Oct),561.7
Flint North East,Flintshire,Rolling 7 days (15 Oct - 21 Oct),216.0
Flint South West,Flintshire,All cases,"1,626.1"
Flint South West,Flintshire,Rolling 21 days (01 Oct - 21 Oct),499.1
Flint South West,Flintshire,Rolling 7 days (15 Oct - 21 Oct),161.0
Four Crosses & Guilsfield,Powys,All cases,504.5
Four Crosses & Guilsfield,Powys,Rolling 21 days (01 Oct - 21 Oct),130.2
Four Crosses & Guilsfield,Powys,Rolling 7 days (15 Oct - 21 Oct),81.4
Gabalfa,Cardiff,All cases,"6,206.8"
Gabalfa,Cardiff,Rolling 21 days (01 Oct - 21 Oct),"5,118.0"
Gabalfa,Cardiff,Rolling 7 days (15 Oct - 21 Oct),966.6
Gaer,Newport,All cases,"1,195.4"
Gaer,Newport,Rolling 21 days (01 Oct - 21 Oct),242.6
Gaer,Newport,Rolling 7 days (15 Oct - 21 Oct),<35
Gelli-deg & Town,Merthyr Tydfil,All cases,"2,132.8"
Gelli-deg & Town,Merthyr Tydfil,Rolling 21 days (01 Oct - 21 Oct),639.8
Gelli-deg & Town,Merthyr Tydfil,Rolling 7 days (15 Oct - 21 Oct),170.6
Gibbonsdown,The Vale of Glamorgan,All cases,787.6
Gibbonsdown,The Vale of Glamorgan,Rolling 21 days (01 Oct - 21 Oct),79.8
Gibbonsdown,The Vale of Glamorgan,Rolling 7 days (15 Oct - 21 Oct),29.9
Gilwern & Llanfoist,Monmouthshire,All cases,"1,284.1"
Gilwern & Llanfoist,Monmouthshire,Rolling 21 days (01 Oct - 21 Oct),315.2
Gilwern & Llanfoist,Monmouthshire,Rolling 7 days (15 Oct - 21 Oct),105.1
Glyn & Pontyberem,Carmarthenshire,All cases,702.5
Glyn & Pontyberem,Carmarthenshire,Rolling 21 days (01 Oct - 21 Oct),155.0
Glyn & Pontyberem,Carmarthenshire,Rolling 7 days (15 Oct - 21 Oct),82.6
Glyn-coch & Ynys-y-bwl,Rhondda Cynon Taf,All cases,"1,382.5"
Glyn-coch & Ynys-y-bwl,Rhondda Cynon Taf,Rolling 21 days (01 Oct - 21 Oct),316.0
Glyn-coch & Ynys-y-bwl,Rhondda Cynon Taf,Rolling 7 days (15 Oct - 21 Oct),92.2
Glyncorrwg & Blaengwynfi,Neath Port Talbot,All cases,626.2
Glyncorrwg & Blaengwynfi,Neath Port Talbot,Rolling 21 days (01 Oct - 21 Oct),274.0
Glyncorrwg & Blaengwynfi,Neath Port Talbot,Rolling 7 days (15 Oct - 21 Oct),58.7
Glynneath,Neath Port Talbot,All cases,"1,519.8"
Glynneath,Neath Port Talbot,Rolling 21 days (01 Oct - 21 Oct),740.9
Glynneath,Neath Port Talbot,Rolling 7 days (15 Oct - 21 Oct),95.0
Gorseinon,Swansea,All cases,"1,767.1"
Gorseinon,Swansea,Rolling 21 days (01 Oct - 21 Oct),582.8
Gorseinon,Swansea,Rolling 7 days (15 Oct - 21 Oct),188.0
Gowerton,Swansea,All cases,"1,161.6"
Gowerton,Swansea,Rolling 21 days (01 Oct - 21 Oct),446.8
Gowerton,Swansea,Rolling 7 days (15 Oct - 21 Oct),134.0
Grangetown North,Cardiff,All cases,"1,349.8"
Grangetown North,Cardiff,Rolling 21 days (01 Oct - 21 Oct),568.9
Grangetown North,Cardiff,Rolling 7 days (15 Oct - 21 Oct),200.8
Grangetown South,Cardiff,All cases,"1,143.6"
Grangetown South,Cardiff,Rolling 21 days (01 Oct - 21 Oct),318.5
Grangetown South,Cardiff,Rolling 7 days (15 Oct - 21 Oct),115.8
"Gresford, Marford & Rossett",Wrexham,All cases,"1,721.2"
"Gresford, Marford & Rossett",Wrexham,Rolling 21 days (01 Oct - 21 Oct),643.7
"Gresford, Marford & Rossett",Wrexham,Rolling 7 days (15 Oct - 21 Oct),174.9
Griffithstown & Sebastopol,Torfaen,All cases,878.1
Griffithstown & Sebastopol,Torfaen,Rolling 21 days (01 Oct - 21 Oct),340.8
Griffithstown & Sebastopol,Torfaen,Rolling 7 days (15 Oct - 21 Oct),104.8
"Gronant, Ffynnongroyw & Trelawnyd",Flintshire,All cases,"1,282.8"
"Gronant, Ffynnongroyw & Trelawnyd",Flintshire,Rolling 21 days (01 Oct - 21 Oct),641.4
"Gronant, Ffynnongroyw & Trelawnyd",Flintshire,Rolling 7 days (15 Oct - 21 Oct),180.4
"Gurnos, Trefechan & Pontsticill",Merthyr Tydfil,All cases,"1,843.3"
"Gurnos, Trefechan & Pontsticill",Merthyr Tydfil,Rolling 21 days (01 Oct - 21 Oct),700.2
"Gurnos, Trefechan & Pontsticill",Merthyr Tydfil,Rolling 7 days (15 Oct - 21 Oct),339.8
Gwersyllt West & Summerhill,Wrexham,All cases,"1,789.0"
Gwersyllt West & Summerhill,Wrexham,Rolling 21 days (01 Oct - 21 Oct),573.8
Gwersyllt West & Summerhill,Wrexham,Rolling 7 days (15 Oct - 21 Oct),270.0
Harlech & Llanbedr,Gwynedd,All cases,403.8
Harlech & Llanbedr,Gwynedd,Rolling 21 days (01 Oct - 21 Oct),151.4
Harlech & Llanbedr,Gwynedd,Rolling 7 days (15 Oct - 21 Oct),100.9
Haverfordwest North,Pembrokeshire,All cases,450.1
Haverfordwest North,Pembrokeshire,Rolling 21 days (01 Oct - 21 Oct),98.5
Haverfordwest North,Pembrokeshire,Rolling 7 days (15 Oct - 21 Oct),42.2
Haverfordwest South,Pembrokeshire,All cases,461.5
Haverfordwest South,Pembrokeshire,Rolling 21 days (01 Oct - 21 Oct),83.9
Haverfordwest South,Pembrokeshire,Rolling 7 days (15 Oct - 21 Oct),<28
Hay-on-Wye & Talgarth,Powys,All cases,294.0
Hay-on-Wye & Talgarth,Powys,Rolling 21 days (01 Oct - 21 Oct),117.6
Hay-on-Wye & Talgarth,Powys,Rolling 7 days (15 Oct - 21 Oct),<24
Heath,Cardiff,All cases,"1,587.3"
Heath,Cardiff,Rolling 21 days (01 Oct - 21 Oct),418.6
Heath,Cardiff,Rolling 7 days (15 Oct - 21 Oct),139.5
Hengoed & Maesycwmer,Caerphilly,All cases,"1,493.5"
Hengoed & Maesycwmer,Caerphilly,Rolling 21 days (01 Oct - 21 Oct),629.5
Hengoed & Maesycwmer,Caerphilly,Rolling 7 days (15 Oct - 21 Oct),320.9
Hermitage & Whitegate,Wrexham,All cases,"2,318.9"
Hermitage & Whitegate,Wrexham,Rolling 21 days (01 Oct - 21 Oct),399.8
Hermitage & Whitegate,Wrexham,Rolling 7 days (15 Oct - 21 Oct),159.9
Hirwaun & Rhigos,Rhondda Cynon Taf,All cases,"1,669.4"
Hirwaun & Rhigos,Rhondda Cynon Taf,Rolling 21 days (01 Oct - 21 Oct),592.4
Hirwaun & Rhigos,Rhondda Cynon Taf,Rolling 7 days (15 Oct - 21 Oct),161.6
Hollybush & Henllys,Torfaen,All cases,502.6
Hollybush & Henllys,Torfaen,Rolling 21 days (01 Oct - 21 Oct),133.0
Hollybush & Henllys,Torfaen,Rolling 7 days (15 Oct - 21 Oct),44.3
Holyhead,Anglesey,All cases,"1,100.8"
Holyhead,Anglesey,Rolling 21 days (01 Oct - 21 Oct),205.2
Holyhead,Anglesey,Rolling 7 days (15 Oct - 21 Oct),28.0
Holywell & Bagillt,Flintshire,All cases,"1,336.5"
Holywell & Bagillt,Flintshire,Rolling 21 days (01 Oct - 21 Oct),476.0
Holywell & Bagillt,Flintshire,Rolling 7 days (15 Oct - 21 Oct),155.6
Hope,Flintshire,All cases,"1,098.5"
Hope,Flintshire,Rolling 21 days (01 Oct - 21 Oct),533.1
Hope,Flintshire,Rolling 7 days (15 Oct - 21 Oct),226.2
"Johnston, Broad Haven & St Ishmaels",Pembrokeshire,All cases,598.2
"Johnston, Broad Haven & St Ishmaels",Pembrokeshire,Rolling 21 days (01 Oct - 21 Oct),95.7
"Johnston, Broad Haven & St Ishmaels",Pembrokeshire,Rolling 7 days (15 Oct - 21 Oct),47.9
Johnstown North & Rhostyllen,Wrexham,All cases,"1,614.2"
Johnstown North & Rhostyllen,Wrexham,Rolling 21 days (01 Oct - 21 Oct),619.6
Johnstown North & Rhostyllen,Wrexham,Rolling 7 days (15 Oct - 21 Oct),260.9
Killay,Swansea,All cases,837.7
Killay,Swansea,Rolling 21 days (01 Oct - 21 Oct),339.1
Killay,Swansea,Rolling 7 days (15 Oct - 21 Oct),199.4
Kinmel Bay & Towyn,Conwy,All cases,"1,724.3"
Kinmel Bay & Towyn,Conwy,Rolling 21 days (01 Oct - 21 Oct),670.6
Kinmel Bay & Towyn,Conwy,Rolling 7 days (15 Oct - 21 Oct),143.7
Knighton & Presteigne,Powys,All cases,217.5
Knighton & Presteigne,Powys,Rolling 21 days (01 Oct - 21 Oct),113.9
Knighton & Presteigne,Powys,Rolling 7 days (15 Oct - 21 Oct),51.8
Lampeter & Llanfihangel Ystrad,Ceredigion,All cases,194.1
Lampeter & Llanfihangel Ystrad,Ceredigion,Rolling 21 days (01 Oct - 21 Oct),84.9
Lampeter & Llanfihangel Ystrad,Ceredigion,Rolling 7 days (15 Oct - 21 Oct),<25
Landore,Swansea,All cases,"1,632.5"
Landore,Swansea,Rolling 21 days (01 Oct - 21 Oct),670.5
Landore,Swansea,Rolling 7 days (15 Oct - 21 Oct),174.9
Langstone & Llan-wern,Newport,All cases,757.1
Langstone & Llan-wern,Newport,Rolling 21 days (01 Oct - 21 Oct),169.5
Langstone & Llan-wern,Newport,Rolling 7 days (15 Oct - 21 Oct),56.5
Lawrence Hill,Newport,All cases,"1,035.4"
Lawrence Hill,Newport,Rolling 21 days (01 Oct - 21 Oct),207.1
Lawrence Hill,Newport,Rolling 7 days (15 Oct - 21 Oct),69.0
"Leeswood, Treuddyn & Gwernaffield",Flintshire,All cases,"1,197.2"
"Leeswood, Treuddyn & Gwernaffield",Flintshire,Rolling 21 days (01 Oct - 21 Oct),591.9
"Leeswood, Treuddyn & Gwernaffield",Flintshire,Rolling 7 days (15 Oct - 21 Oct),148.0
Lisvane,Cardiff,All cases,"1,480.7"
Lisvane,Cardiff,Rolling 21 days (01 Oct - 21 Oct),309.9
Lisvane,Cardiff,Rolling 7 days (15 Oct - 21 Oct),86.1
Liswerry & Uskmouth,Newport,All cases,864.5
Liswerry & Uskmouth,Newport,Rolling 21 days (01 Oct - 21 Oct),250.7
Liswerry & Uskmouth,Newport,Rolling 7 days (15 Oct - 21 Oct),25.9
Llain-goch & Valley,Anglesey,All cases,942.5
Llain-goch & Valley,Anglesey,Rolling 21 days (01 Oct - 21 Oct),259.5
Llain-goch & Valley,Anglesey,Rolling 7 days (15 Oct - 21 Oct),122.9
"Llan-non, Cross Hands & Pen-y-groes",Carmarthenshire,All cases,843.5
"Llan-non, Cross Hands & Pen-y-groes",Carmarthenshire,Rolling 21 days (01 Oct - 21 Oct),130.7
"Llan-non, Cross Hands & Pen-y-groes",Carmarthenshire,Rolling 7 days (15 Oct - 21 Oct),<24
Llanberis & Deiniolen,Gwynedd,All cases,"1,129.6"
Llanberis & Deiniolen,Gwynedd,Rolling 21 days (01 Oct - 21 Oct),248.0
Llanberis & Deiniolen,Gwynedd,Rolling 7 days (15 Oct - 21 Oct),110.2
Llanbradach & Penyrheol,Caerphilly,All cases,"1,377.7"
Llanbradach & Penyrheol,Caerphilly,Rolling 21 days (01 Oct - 21 Oct),470.2
Llanbradach & Penyrheol,Caerphilly,Rolling 7 days (15 Oct - 21 Oct),196.8
Llandaf & Danescourt,Cardiff,All cases,"1,690.1"
Llandaf & Danescourt,Cardiff,Rolling 21 days (01 Oct - 21 Oct),811.3
Llandaf & Danescourt,Cardiff,Rolling 7 days (15 Oct - 21 Oct),383.1
Llandaf North,Cardiff,All cases,"1,323.7"
Llandaf North,Cardiff,Rolling 21 days (01 Oct - 21 Oct),379.8
Llandaf North,Cardiff,Rolling 7 days (15 Oct - 21 Oct),207.2
"Llanddarog, Llangyndeyrn & Ferryside",Carmarthenshire,All cases,760.1
"Llanddarog, Llangyndeyrn & Ferryside",Carmarthenshire,Rolling 21 days (01 Oct - 21 Oct),301.6
"Llanddarog, Llangyndeyrn & Ferryside",Carmarthenshire,Rolling 7 days (15 Oct - 21 Oct),60.3
"Llandeilo, Llangadog & Maenordeilo",Carmarthenshire,All cases,486.2
"Llandeilo, Llangadog & Maenordeilo",Carmarthenshire,Rolling 21 days (01 Oct - 21 Oct),152.8
"Llandeilo, Llangadog & Maenordeilo",Carmarthenshire,Rolling 7 days (15 Oct - 21 Oct),41.7
Llandough & Cogan,The Vale of Glamorgan,All cases,"1,440.8"
Llandough & Cogan,The Vale of Glamorgan,Rolling 21 days (01 Oct - 21 Oct),258.9
Llandough & Cogan,The Vale of Glamorgan,Rolling 7 days (15 Oct - 21 Oct),101.3
"Llandovery, Cil-y-cwm & Cynwyl Gaeo",Carmarthenshire,All cases,791.9
"Llandovery, Cil-y-cwm & Cynwyl Gaeo",Carmarthenshire,Rolling 21 days (01 Oct - 21 Oct),594.0
"Llandovery, Cil-y-cwm & Cynwyl Gaeo",Carmarthenshire,Rolling 7 days (15 Oct - 21 Oct),180.0
Llandrindod Wells,Powys,All cases,196.1
Llandrindod Wells,Powys,Rolling 21 days (01 Oct - 21 Oct),53.5
Llandrindod Wells,Powys,Rolling 7 days (15 Oct - 21 Oct),53.5
Llandudno Junction North & Deganwy,Conwy,All cases,"1,216.6"
Llandudno Junction North & Deganwy,Conwy,Rolling 21 days (01 Oct - 21 Oct),270.4
Llandudno Junction North & Deganwy,Conwy,Rolling 7 days (15 Oct - 21 Oct),83.2
Llandudno Junction South & Llasanffraid Glan Conwy,Conwy,All cases,940.2
Llandudno Junction South & Llasanffraid Glan Conwy,Conwy,Rolling 21 days (01 Oct - 21 Oct),354.3
Llandudno Junction South & Llasanffraid Glan Conwy,Conwy,Rolling 7 days (15 Oct - 21 Oct),68.1
Llandudno South,Conwy,All cases,"1,470.4"
Llandudno South,Conwy,Rolling 21 days (01 Oct - 21 Oct),399.7
Llandudno South,Conwy,Rolling 7 days (15 Oct - 21 Oct),171.3
Llandudno Town & Gogarth,Conwy,All cases,"1,185.2"
Llandudno Town & Gogarth,Conwy,Rolling 21 days (01 Oct - 21 Oct),316.1
Llandudno Town & Gogarth,Conwy,Rolling 7 days (15 Oct - 21 Oct),112.9
Llandybie & Saron,Carmarthenshire,All cases,"1,321.0"
Llandybie & Saron,Carmarthenshire,Rolling 21 days (01 Oct - 21 Oct),222.1
Llandybie & Saron,Carmarthenshire,Rolling 7 days (15 Oct - 21 Oct),70.1
Llandyrnog & Llanarmon-yn-Iâl,Denbighshire,All cases,"1,176.7"
Llandyrnog & Llanarmon-yn-Iâl,Denbighshire,Rolling 21 days (01 Oct - 21 Oct),506.6
Llandyrnog & Llanarmon-yn-Iâl,Denbighshire,Rolling 7 days (15 Oct - 21 Oct),147.1
Llanedeyrn,Cardiff,All cases,"1,431.9"
Llanedeyrn,Cardiff,Rolling 21 days (01 Oct - 21 Oct),509.4
Llanedeyrn,Cardiff,Rolling 7 days (15 Oct - 21 Oct),123.9
Llanelli Bigyn,Carmarthenshire,All cases,"1,291.4"
Llanelli Bigyn,Carmarthenshire,Rolling 21 days (01 Oct - 21 Oct),222.7
Llanelli Bigyn,Carmarthenshire,Rolling 7 days (15 Oct - 21 Oct),89.1
Llanelli North,Carmarthenshire,All cases,"1,483.5"
Llanelli North,Carmarthenshire,Rolling 21 days (01 Oct - 21 Oct),164.8
Llanelli North,Carmarthenshire,Rolling 7 days (15 Oct - 21 Oct),109.9
Llanelli South,Carmarthenshire,All cases,"1,026.9"
Llanelli South,Carmarthenshire,Rolling 21 days (01 Oct - 21 Oct),298.7
Llanelli South,Carmarthenshire,Rolling 7 days (15 Oct - 21 Oct),149.4
Llanelli West,Carmarthenshire,All cases,"1,043.8"
Llanelli West,Carmarthenshire,Rolling 21 days (01 Oct - 21 Oct),257.6
Llanelli West,Carmarthenshire,Rolling 7 days (15 Oct - 21 Oct),135.6
Llanfair Caereinion & Caersws,Powys,All cases,618.0
Llanfair Caereinion & Caersws,Powys,Rolling 21 days (01 Oct - 21 Oct),146.4
Llanfair Caereinion & Caersws,Powys,Rolling 7 days (15 Oct - 21 Oct),81.3
Llanfair Pwllgwyngyll & Menai Bridge,Anglesey,All cases,"1,284.1"
Llanfair Pwllgwyngyll & Menai Bridge,Anglesey,Rolling 21 days (01 Oct - 21 Oct),417.3
Llanfair Pwllgwyngyll & Menai Bridge,Anglesey,Rolling 7 days (15 Oct - 21 Oct),160.5
Llanfairfechan & Penmaenmawr,Conwy,All cases,807.3
Llanfairfechan & Penmaenmawr,Conwy,Rolling 21 days (01 Oct - 21 Oct),205.0
Llanfairfechan & Penmaenmawr,Conwy,Rolling 7 days (15 Oct - 21 Oct),64.1
Llanfihangel-ar-arth & Llanybydder,Carmarthenshire,All cases,316.9
Llanfihangel-ar-arth & Llanybydder,Carmarthenshire,Rolling 21 days (01 Oct - 21 Oct),123.2
Llanfihangel-ar-arth & Llanybydder,Carmarthenshire,Rolling 7 days (15 Oct - 21 Oct),105.6
Llanfyllin & Llanwyddyn,Powys,All cases,503.1
Llanfyllin & Llanwyddyn,Powys,Rolling 21 days (01 Oct - 21 Oct),76.6
Llanfyllin & Llanwyddyn,Powys,Rolling 7 days (15 Oct - 21 Oct),<22
Llangefni,Anglesey,All cases,"1,413.2"
Llangefni,Anglesey,Rolling 21 days (01 Oct - 21 Oct),268.5
Llangefni,Anglesey,Rolling 7 days (15 Oct - 21 Oct),84.8
Llangollen & Llandrillo,Denbighshire,All cases,983.6
Llangollen & Llandrillo,Denbighshire,Rolling 21 days (01 Oct - 21 Oct),327.9
Llangollen & Llandrillo,Denbighshire,Rolling 7 days (15 Oct - 21 Oct),109.3
Llangyfelach & Tircoed,Swansea,All cases,"1,201.4"
Llangyfelach & Tircoed,Swansea,Rolling 21 days (01 Oct - 21 Oct),416.3
Llangyfelach & Tircoed,Swansea,Rolling 7 days (15 Oct - 21 Oct),71.4
"Llanidloes, Blaen Hafren & Llandinam",Powys,All cases,415.3
"Llanidloes, Blaen Hafren & Llandinam",Powys,Rolling 21 days (01 Oct - 21 Oct),92.3
"Llanidloes, Blaen Hafren & Llandinam",Powys,Rolling 7 days (15 Oct - 21 Oct),<31
Llanishen,Cardiff,All cases,"1,279.7"
Llanishen,Cardiff,Rolling 21 days (01 Oct - 21 Oct),270.5
Llanishen,Cardiff,Rolling 7 days (15 Oct - 21 Oct),104.0
Llanmorlais & Three Crosses,Swansea,All cases,984.8
Llanmorlais & Three Crosses,Swansea,Rolling 21 days (01 Oct - 21 Oct),256.1
Llanmorlais & Three Crosses,Swansea,Rolling 7 days (15 Oct - 21 Oct),78.8
Llanrumney North,Cardiff,All cases,997.7
Llanrumney North,Cardiff,Rolling 21 days (01 Oct - 21 Oct),318.1
Llanrumney North,Cardiff,Rolling 7 days (15 Oct - 21 Oct),130.1
Llanrumney South,Cardiff,All cases,"1,502.7"
Llanrumney South,Cardiff,Rolling 21 days (01 Oct - 21 Oct),455.4
Llanrumney South,Cardiff,Rolling 7 days (15 Oct - 21 Oct),258.0
Llanrwst & Betws-y-coed,Conwy,All cases,651.3
Llanrwst & Betws-y-coed,Conwy,Rolling 21 days (01 Oct - 21 Oct),127.9
Llanrwst & Betws-y-coed,Conwy,Rolling 7 days (15 Oct - 21 Oct),69.8
Llansamlet,Swansea,All cases,"1,437.3"
Llansamlet,Swansea,Rolling 21 days (01 Oct - 21 Oct),668.8
Llansamlet,Swansea,Rolling 7 days (15 Oct - 21 Oct),256.2
Llantarnam & Oakfield,Torfaen,All cases,817.1
Llantarnam & Oakfield,Torfaen,Rolling 21 days (01 Oct - 21 Oct),134.0
Llantarnam & Oakfield,Torfaen,Rolling 7 days (15 Oct - 21 Oct),80.4
Llantrisant & Talbot Green,Rhondda Cynon Taf,All cases,"1,717.7"
Llantrisant & Talbot Green,Rhondda Cynon Taf,Rolling 21 days (01 Oct - 21 Oct),581.2
Llantrisant & Talbot Green,Rhondda Cynon Taf,Rolling 7 days (15 Oct - 21 Oct),193.7
Llantwit Major,The Vale of Glamorgan,All cases,658.6
Llantwit Major,The Vale of Glamorgan,Rolling 21 days (01 Oct - 21 Oct),200.9
Llantwit Major,The Vale of Glamorgan,Rolling 7 days (15 Oct - 21 Oct),44.6
Llay South & Gwersyllt East,Wrexham,All cases,"1,246.1"
Llay South & Gwersyllt East,Wrexham,Rolling 21 days (01 Oct - 21 Oct),373.8
Llay South & Gwersyllt East,Wrexham,Rolling 7 days (15 Oct - 21 Oct),162.0
Loughor,Swansea,All cases,"1,110.2"
Loughor,Swansea,Rolling 21 days (01 Oct - 21 Oct),377.0
Loughor,Swansea,Rolling 7 days (15 Oct - 21 Oct),104.7
Lower Penarth & Sully,The Vale of Glamorgan,All cases,952.9
Lower Penarth & Sully,The Vale of Glamorgan,Rolling 21 days (01 Oct - 21 Oct),133.4
Lower Penarth & Sully,The Vale of Glamorgan,Rolling 7 days (15 Oct - 21 Oct),47.6
Machen,Caerphilly,All cases,"1,316.3"
Machen,Caerphilly,Rolling 21 days (01 Oct - 21 Oct),585.0
Machen,Caerphilly,Rolling 7 days (15 Oct - 21 Oct),365.6
Machynlleth & Banwy,Powys,All cases,317.9
Machynlleth & Banwy,Powys,Rolling 21 days (01 Oct - 21 Oct),174.9
Machynlleth & Banwy,Powys,Rolling 7 days (15 Oct - 21 Oct),47.7
Maendy,Newport,All cases,"1,289.3"
Maendy,Newport,Rolling 21 days (01 Oct - 21 Oct),287.9
Maendy,Newport,Rolling 7 days (15 Oct - 21 Oct),150.2
Maesteg East,Bridgend,All cases,"1,027.6"
Maesteg East,Bridgend,Rolling 21 days (01 Oct - 21 Oct),459.7
Maesteg East,Bridgend,Rolling 7 days (15 Oct - 21 Oct),216.3
"Maesteg West, Garth & Llangynwyd",Bridgend,All cases,"1,507.8"
"Maesteg West, Garth & Llangynwyd",Bridgend,Rolling 21 days (01 Oct - 21 Oct),762.0
"Maesteg West, Garth & Llangynwyd",Bridgend,Rolling 7 days (15 Oct - 21 Oct),243.2
Magor & Rogiet,Monmouthshire,All cases,599.1
Magor & Rogiet,Monmouthshire,Rolling 21 days (01 Oct - 21 Oct),165.7
Magor & Rogiet,Monmouthshire,Rolling 7 days (15 Oct - 21 Oct),76.5
Malpas,Newport,All cases,931.2
Malpas,Newport,Rolling 21 days (01 Oct - 21 Oct),242.4
Malpas,Newport,Rolling 7 days (15 Oct - 21 Oct),153.1
Marshfield,Newport,All cases,"1,147.4"
Marshfield,Newport,Rolling 21 days (01 Oct - 21 Oct),298.8
Marshfield,Newport,Rolling 7 days (15 Oct - 21 Oct),131.5
Mayals & Bishopston,Swansea,All cases,894.5
Mayals & Bishopston,Swansea,Rolling 21 days (01 Oct - 21 Oct),447.3
Mayals & Bishopston,Swansea,Rolling 7 days (15 Oct - 21 Oct),172.0
"Merthyr Vale, Troed-y-rhiw & Bedlinog",Merthyr Tydfil,All cases,"2,760.9"
"Merthyr Vale, Troed-y-rhiw & Bedlinog",Merthyr Tydfil,Rolling 21 days (01 Oct - 21 Oct),"1,200.9"
"Merthyr Vale, Troed-y-rhiw & Bedlinog",Merthyr Tydfil,Rolling 7 days (15 Oct - 21 Oct),396.2
Milford Haven East,Pembrokeshire,All cases,308.0
Milford Haven East,Pembrokeshire,Rolling 21 days (01 Oct - 21 Oct),133.9
Milford Haven East,Pembrokeshire,Rolling 7 days (15 Oct - 21 Oct),40.2
Milford Haven West,Pembrokeshire,All cases,340.3
Milford Haven West,Pembrokeshire,Rolling 21 days (01 Oct - 21 Oct),52.4
Milford Haven West,Pembrokeshire,Rolling 7 days (15 Oct - 21 Oct),<27
Mold,Flintshire,All cases,"1,560.8"
Mold,Flintshire,Rolling 21 days (01 Oct - 21 Oct),474.2
Mold,Flintshire,Rolling 7 days (15 Oct - 21 Oct),158.1
Monmouth & Wyesham,Monmouthshire,All cases,452.3
Monmouth & Wyesham,Monmouthshire,Rolling 21 days (01 Oct - 21 Oct),239.4
Monmouth & Wyesham,Monmouthshire,Rolling 7 days (15 Oct - 21 Oct),159.6
"Montgomery, Trewern & Berriew",Powys,All cases,440.2
"Montgomery, Trewern & Berriew",Powys,Rolling 21 days (01 Oct - 21 Oct),73.4
"Montgomery, Trewern & Berriew",Powys,Rolling 7 days (15 Oct - 21 Oct),<37
Morriston North,Swansea,All cases,"2,199.9"
Morriston North,Swansea,Rolling 21 days (01 Oct - 21 Oct),609.2
Morriston North,Swansea,Rolling 7 days (15 Oct - 21 Oct),259.5
Morriston South,Swansea,All cases,"1,750.2"
Morriston South,Swansea,Rolling 21 days (01 Oct - 21 Oct),605.3
Morriston South,Swansea,Rolling 7 days (15 Oct - 21 Oct),197.4
Mostyn & Holway,Flintshire,All cases,961.4
Mostyn & Holway,Flintshire,Rolling 21 days (01 Oct - 21 Oct),390.6
Mostyn & Holway,Flintshire,Rolling 7 days (15 Oct - 21 Oct),135.2
Mountain Ash,Rhondda Cynon Taf,All cases,"1,970.3"
Mountain Ash,Rhondda Cynon Taf,Rolling 21 days (01 Oct - 21 Oct),"1,039.1"
Mountain Ash,Rhondda Cynon Taf,Rolling 7 days (15 Oct - 21 Oct),620.8
Mumbles & Newton,Swansea,All cases,"1,295.7"
Mumbles & Newton,Swansea,Rolling 21 days (01 Oct - 21 Oct),256.4
Mumbles & Newton,Swansea,Rolling 7 days (15 Oct - 21 Oct),94.5
Mynydd-bach,Swansea,All cases,"1,507.0"
Mynydd-bach,Swansea,Rolling 21 days (01 Oct - 21 Oct),517.0
Mynydd-bach,Swansea,Rolling 7 days (15 Oct - 21 Oct),220.0
"Nant-y-moel, Ogmore Vale & Blackmill",Bridgend,All cases,"1,647.2"
"Nant-y-moel, Ogmore Vale & Blackmill",Bridgend,Rolling 21 days (01 Oct - 21 Oct),651.5
"Nant-y-moel, Ogmore Vale & Blackmill",Bridgend,Rolling 7 days (15 Oct - 21 Oct),307.3
Narberth,Pembrokeshire,All cases,378.3
Narberth,Pembrokeshire,Rolling 21 days (01 Oct - 21 Oct),189.2
Narberth,Pembrokeshire,Rolling 7 days (15 Oct - 21 Oct),87.3
Neath Abbey,Neath Port Talbot,All cases,"1,538.5"
Neath Abbey,Neath Port Talbot,Rolling 21 days (01 Oct - 21 Oct),735.0
Neath Abbey,Neath Port Talbot,Rolling 7 days (15 Oct - 21 Oct),393.2
Neath South,Neath Port Talbot,All cases,970.7
Neath South,Neath Port Talbot,Rolling 21 days (01 Oct - 21 Oct),500.5
Neath South,Neath Port Talbot,Rolling 7 days (15 Oct - 21 Oct),227.5
Neath Town,Neath Port Talbot,All cases,"1,014.6"
Neath Town,Neath Port Talbot,Rolling 21 days (01 Oct - 21 Oct),426.4
Neath Town,Neath Port Talbot,Rolling 7 days (15 Oct - 21 Oct),205.9
New Brighton & Mynyddisa,Flintshire,All cases,999.4
New Brighton & Mynyddisa,Flintshire,Rolling 21 days (01 Oct - 21 Oct),374.8
New Brighton & Mynyddisa,Flintshire,Rolling 7 days (15 Oct - 21 Oct),124.9
New Broughton & Bryn Cefn,Wrexham,All cases,"1,855.9"
New Broughton & Bryn Cefn,Wrexham,Rolling 21 days (01 Oct - 21 Oct),824.8
New Broughton & Bryn Cefn,Wrexham,Rolling 7 days (15 Oct - 21 Oct),244.9
New Inn,Torfaen,All cases,862.7
New Inn,Torfaen,Rolling 21 days (01 Oct - 21 Oct),372.1
New Inn,Torfaen,Rolling 7 days (15 Oct - 21 Oct),169.1
New Quay & Penbryn,Ceredigion,All cases,228.2
New Quay & Penbryn,Ceredigion,Rolling 21 days (01 Oct - 21 Oct),76.1
New Quay & Penbryn,Ceredigion,Rolling 7 days (15 Oct - 21 Oct),<31
New Tredegar & Darren Valley,Caerphilly,All cases,"1,584.3"
New Tredegar & Darren Valley,Caerphilly,Rolling 21 days (01 Oct - 21 Oct),614.6
New Tredegar & Darren Valley,Caerphilly,Rolling 7 days (15 Oct - 21 Oct),259.5
Newborough,Anglesey,All cases,893.4
Newborough,Anglesey,Rolling 21 days (01 Oct - 21 Oct),113.3
Newborough,Anglesey,Rolling 7 days (15 Oct - 21 Oct),50.3
Newbridge,Caerphilly,All cases,732.4
Newbridge,Caerphilly,Rolling 21 days (01 Oct - 21 Oct),134.5
Newbridge,Caerphilly,Rolling 7 days (15 Oct - 21 Oct),74.7
Newtown North,Powys,All cases,548.2
Newtown North,Powys,Rolling 21 days (01 Oct - 21 Oct),354.7
Newtown North,Powys,Rolling 7 days (15 Oct - 21 Oct),96.7
Newtown South,Powys,All cases,398.4
Newtown South,Powys,Rolling 21 days (01 Oct - 21 Oct),139.4
Newtown South,Powys,Rolling 7 days (15 Oct - 21 Oct),<40
Neyland,Pembrokeshire,All cases,506.3
Neyland,Pembrokeshire,Rolling 21 days (01 Oct - 21 Oct),207.1
Neyland,Pembrokeshire,Rolling 7 days (15 Oct - 21 Oct),34.5
"North Blackwood, Argoed & Markham",Caerphilly,All cases,863.7
"North Blackwood, Argoed & Markham",Caerphilly,Rolling 21 days (01 Oct - 21 Oct),423.1
"North Blackwood, Argoed & Markham",Caerphilly,Rolling 7 days (15 Oct - 21 Oct),176.3
Oakdale & Pen-twyn,Caerphilly,All cases,"1,010.1"
Oakdale & Pen-twyn,Caerphilly,Rolling 21 days (01 Oct - 21 Oct),360.8
Oakdale & Pen-twyn,Caerphilly,Rolling 7 days (15 Oct - 21 Oct),164.9
Ogmore-by-Sea & Llandow,The Vale of Glamorgan,All cases,960.1
Ogmore-by-Sea & Llandow,The Vale of Glamorgan,Rolling 21 days (01 Oct - 21 Oct),413.8
Ogmore-by-Sea & Llandow,The Vale of Glamorgan,Rolling 7 days (15 Oct - 21 Oct),99.3
Old Colwyn & Llanddulas,Conwy,All cases,935.9
Old Colwyn & Llanddulas,Conwy,Rolling 21 days (01 Oct - 21 Oct),242.6
Old Colwyn & Llanddulas,Conwy,Rolling 7 days (15 Oct - 21 Oct),57.8
Palmerstown,The Vale of Glamorgan,All cases,"1,195.2"
Palmerstown,The Vale of Glamorgan,Rolling 21 days (01 Oct - 21 Oct),284.6
Palmerstown,The Vale of Glamorgan,Rolling 7 days (15 Oct - 21 Oct),102.4
Pembrey & Burry Port,Carmarthenshire,All cases,637.6
Pembrey & Burry Port,Carmarthenshire,Rolling 21 days (01 Oct - 21 Oct),132.3
Pembrey & Burry Port,Carmarthenshire,Rolling 7 days (15 Oct - 21 Oct),48.1
Pembroke Dock,Pembrokeshire,All cases,475.9
Pembroke Dock,Pembrokeshire,Rolling 21 days (01 Oct - 21 Oct),113.8
Pembroke Dock,Pembrokeshire,Rolling 7 days (15 Oct - 21 Oct),31.0
Pembroke East & Manorbier,Pembrokeshire,All cases,415.7
Pembroke East & Manorbier,Pembrokeshire,Rolling 21 days (01 Oct - 21 Oct),116.9
Pembroke East & Manorbier,Pembrokeshire,Rolling 7 days (15 Oct - 21 Oct),52.0
Pembroke West & Castlemartin,Pembrokeshire,All cases,541.0
Pembroke West & Castlemartin,Pembrokeshire,Rolling 21 days (01 Oct - 21 Oct),243.4
Pembroke West & Castlemartin,Pembrokeshire,Rolling 7 days (15 Oct - 21 Oct),54.1
"Pen-dre, Litchard & Coity",Bridgend,All cases,"1,449.0"
"Pen-dre, Litchard & Coity",Bridgend,Rolling 21 days (01 Oct - 21 Oct),633.3
"Pen-dre, Litchard & Coity",Bridgend,Rolling 7 days (15 Oct - 21 Oct),287.9
"Pen-prysg, Hendre & Felindre",Bridgend,All cases,"1,458.5"
"Pen-prysg, Hendre & Felindre",Bridgend,Rolling 21 days (01 Oct - 21 Oct),560.2
"Pen-prysg, Hendre & Felindre",Bridgend,Rolling 7 days (15 Oct - 21 Oct),144.9
Pen-y-cae & Minera,Wrexham,All cases,"1,379.4"
Pen-y-cae & Minera,Wrexham,Rolling 21 days (01 Oct - 21 Oct),750.8
Pen-y-cae & Minera,Wrexham,Rolling 7 days (15 Oct - 21 Oct),192.1
"Pen-y-fai, Laleston & Merthyr Mawr",Bridgend,All cases,"1,489.6"
"Pen-y-fai, Laleston & Merthyr Mawr",Bridgend,Rolling 21 days (01 Oct - 21 Oct),417.8
"Pen-y-fai, Laleston & Merthyr Mawr",Bridgend,Rolling 7 days (15 Oct - 21 Oct),127.2
Pen-y-ffordd & Higher Kinnerton,Flintshire,All cases,"1,270.6"
Pen-y-ffordd & Higher Kinnerton,Flintshire,Rolling 21 days (01 Oct - 21 Oct),521.3
Pen-y-ffordd & Higher Kinnerton,Flintshire,Rolling 7 days (15 Oct - 21 Oct),114.0
"Pen-y-groes, Tal-y-sarn & Dyffryn Nantlle",Gwynedd,All cases,553.0
"Pen-y-groes, Tal-y-sarn & Dyffryn Nantlle",Gwynedd,Rolling 21 days (01 Oct - 21 Oct),88.0
"Pen-y-groes, Tal-y-sarn & Dyffryn Nantlle",Gwynedd,Rolling 7 days (15 Oct - 21 Oct),<26
Pen-y-lan North,Cardiff,All cases,"3,029.4"
Pen-y-lan North,Cardiff,Rolling 21 days (01 Oct - 21 Oct),"1,731.1"
Pen-y-lan North,Cardiff,Rolling 7 days (15 Oct - 21 Oct),958.3
Pen-y-lan South,Cardiff,All cases,"1,444.4"
Pen-y-lan South,Cardiff,Rolling 21 days (01 Oct - 21 Oct),509.8
Pen-y-lan South,Cardiff,Rolling 7 days (15 Oct - 21 Oct),212.4
Penarth,The Vale of Glamorgan,All cases,958.6
Penarth,The Vale of Glamorgan,Rolling 21 days (01 Oct - 21 Oct),159.8
Penarth,The Vale of Glamorgan,Rolling 7 days (15 Oct - 21 Oct),56.4
Penderry,Swansea,All cases,"1,244.4"
Penderry,Swansea,Rolling 21 days (01 Oct - 21 Oct),518.5
Penderry,Swansea,Rolling 7 days (15 Oct - 21 Oct),197.0
Pengam & Cefn Fforest,Caerphilly,All cases,"1,123.0"
Pengam & Cefn Fforest,Caerphilly,Rolling 21 days (01 Oct - 21 Oct),464.7
Pengam & Cefn Fforest,Caerphilly,Rolling 7 days (15 Oct - 21 Oct),142.0
Penrhiw-ceibr,Rhondda Cynon Taf,All cases,"3,378.2"
Penrhiw-ceibr,Rhondda Cynon Taf,Rolling 21 days (01 Oct - 21 Oct),"1,798.3"
Penrhiw-ceibr,Rhondda Cynon Taf,Rolling 7 days (15 Oct - 21 Oct),941.2
Penrhyn Bay,Conwy,All cases,"1,544.2"
Penrhyn Bay,Conwy,Rolling 21 days (01 Oct - 21 Oct),466.5
Penrhyn Bay,Conwy,Rolling 7 days (15 Oct - 21 Oct),80.4
Pentre,Rhondda Cynon Taf,All cases,"3,079.5"
Pentre,Rhondda Cynon Taf,Rolling 21 days (01 Oct - 21 Oct),"1,303.6"
Pentre,Rhondda Cynon Taf,Rolling 7 days (15 Oct - 21 Oct),359.0
Pentre-bach & Mountain Hare,Merthyr Tydfil,All cases,"2,847.4"
Pentre-bach & Mountain Hare,Merthyr Tydfil,Rolling 21 days (01 Oct - 21 Oct),779.8
Pentre-bach & Mountain Hare,Merthyr Tydfil,Rolling 7 days (15 Oct - 21 Oct),354.4
Pentwyn,Cardiff,All cases,"1,267.2"
Pentwyn,Cardiff,Rolling 21 days (01 Oct - 21 Oct),190.8
Pentwyn,Cardiff,Rolling 7 days (15 Oct - 21 Oct),95.4
Peterston-super-Ely & Wenvoe,The Vale of Glamorgan,All cases,747.3
Peterston-super-Ely & Wenvoe,The Vale of Glamorgan,Rolling 21 days (01 Oct - 21 Oct),288.4
Peterston-super-Ely & Wenvoe,The Vale of Glamorgan,Rolling 7 days (15 Oct - 21 Oct),91.8
Pillgwenlly & Docks,Newport,All cases,"1,651.0"
Pillgwenlly & Docks,Newport,Rolling 21 days (01 Oct - 21 Oct),203.6
Pillgwenlly & Docks,Newport,Rolling 7 days (15 Oct - 21 Oct),101.8
Plasnewydd,Cardiff,All cases,"1,503.4"
Plasnewydd,Cardiff,Rolling 21 days (01 Oct - 21 Oct),814.7
Plasnewydd,Cardiff,Rolling 7 days (15 Oct - 21 Oct),397.7
Pont-y-clun & Llanharry,Rhondda Cynon Taf,All cases,"1,177.7"
Pont-y-clun & Llanharry,Rhondda Cynon Taf,Rolling 21 days (01 Oct - 21 Oct),250.6
Pont-y-clun & Llanharry,Rhondda Cynon Taf,Rolling 7 days (15 Oct - 21 Oct),75.2
Pontardawe,Neath Port Talbot,All cases,919.4
Pontardawe,Neath Port Talbot,Rolling 21 days (01 Oct - 21 Oct),292.9
Pontardawe,Neath Port Talbot,Rolling 7 days (15 Oct - 21 Oct),122.1
Pontarddulais,Swansea,All cases,"1,450.8"
Pontarddulais,Swansea,Rolling 21 days (01 Oct - 21 Oct),448.7
Pontarddulais,Swansea,Rolling 7 days (15 Oct - 21 Oct),209.4
Pontcanna,Cardiff,All cases,"1,410.4"
Pontcanna,Cardiff,Rolling 21 days (01 Oct - 21 Oct),420.1
Pontcanna,Cardiff,Rolling 7 days (15 Oct - 21 Oct),135.0
Pontllan-fraith,Caerphilly,All cases,860.3
Pontllan-fraith,Caerphilly,Rolling 21 days (01 Oct - 21 Oct),337.1
Pontllan-fraith,Caerphilly,Rolling 7 days (15 Oct - 21 Oct),116.3
Pontnewydd & Upper Cwmbran,Torfaen,All cases,903.0
Pontnewydd & Upper Cwmbran,Torfaen,Rolling 21 days (01 Oct - 21 Oct),170.1
Pontnewydd & Upper Cwmbran,Torfaen,Rolling 7 days (15 Oct - 21 Oct),52.3
Pontprennau,Cardiff,All cases,"1,590.9"
Pontprennau,Cardiff,Rolling 21 days (01 Oct - 21 Oct),526.5
Pontprennau,Cardiff,Rolling 7 days (15 Oct - 21 Oct),251.8
Pontypool,Torfaen,All cases,901.7
Pontypool,Torfaen,Rolling 21 days (01 Oct - 21 Oct),307.9
Pontypool,Torfaen,Rolling 7 days (15 Oct - 21 Oct),164.9
Pontypridd East & Cilfynydd,Rhondda Cynon Taf,All cases,"1,723.9"
Pontypridd East & Cilfynydd,Rhondda Cynon Taf,Rolling 21 days (01 Oct - 21 Oct),479.7
Pontypridd East & Cilfynydd,Rhondda Cynon Taf,Rolling 7 days (15 Oct - 21 Oct),299.8
Pontypridd West,Rhondda Cynon Taf,All cases,"1,888.1"
Pontypridd West,Rhondda Cynon Taf,Rolling 21 days (01 Oct - 21 Oct),421.8
Pontypridd West,Rhondda Cynon Taf,Rolling 7 days (15 Oct - 21 Oct),160.7
Port Talbot East,Neath Port Talbot,All cases,"1,676.8"
Port Talbot East,Neath Port Talbot,Rolling 21 days (01 Oct - 21 Oct),568.2
Port Talbot East,Neath Port Talbot,Rolling 7 days (15 Oct - 21 Oct),249.4
Port Talbot South & Margam,Neath Port Talbot,All cases,"1,140.1"
Port Talbot South & Margam,Neath Port Talbot,Rolling 21 days (01 Oct - 21 Oct),525.1
Port Talbot South & Margam,Neath Port Talbot,Rolling 7 days (15 Oct - 21 Oct),270.0
Porth East & Ynys-hir,Rhondda Cynon Taf,All cases,"3,092.6"
Porth East & Ynys-hir,Rhondda Cynon Taf,Rolling 21 days (01 Oct - 21 Oct),"1,049.1"
Porth East & Ynys-hir,Rhondda Cynon Taf,Rolling 7 days (15 Oct - 21 Oct),284.1
Porth West,Rhondda Cynon Taf,All cases,"2,044.7"
Porth West,Rhondda Cynon Taf,Rolling 21 days (01 Oct - 21 Oct),623.8
Porth West,Rhondda Cynon Taf,Rolling 7 days (15 Oct - 21 Oct),415.9
Porthcawl East,Bridgend,All cases,"1,100.1"
Porthcawl East,Bridgend,Rolling 21 days (01 Oct - 21 Oct),352.6
Porthcawl East,Bridgend,Rolling 7 days (15 Oct - 21 Oct),211.6
Porthcawl West,Bridgend,All cases,"1,233.5"
Porthcawl West,Bridgend,Rolling 21 days (01 Oct - 21 Oct),433.4
Porthcawl West,Bridgend,Rolling 7 days (15 Oct - 21 Oct),222.2
Porthmadog,Gwynedd,All cases,427.3
Porthmadog,Gwynedd,Rolling 21 days (01 Oct - 21 Oct),85.5
Porthmadog,Gwynedd,Rolling 7 days (15 Oct - 21 Oct),57.0
Prestatyn Central & East,Denbighshire,All cases,"1,682.6"
Prestatyn Central & East,Denbighshire,Rolling 21 days (01 Oct - 21 Oct),420.7
Prestatyn Central & East,Denbighshire,Rolling 7 days (15 Oct - 21 Oct),133.8
Prestatyn North,Denbighshire,All cases,"1,464.0"
Prestatyn North,Denbighshire,Rolling 21 days (01 Oct - 21 Oct),533.9
Prestatyn North,Denbighshire,Rolling 7 days (15 Oct - 21 Oct),86.1
Prestatyn South,Denbighshire,All cases,"1,537.6"
Prestatyn South,Denbighshire,Rolling 21 days (01 Oct - 21 Oct),576.6
Prestatyn South,Denbighshire,Rolling 7 days (15 Oct - 21 Oct),230.6
Pwll-mawr & St Mellons East,Cardiff,All cases,"1,897.5"
Pwll-mawr & St Mellons East,Cardiff,Rolling 21 days (01 Oct - 21 Oct),619.0
Pwll-mawr & St Mellons East,Cardiff,Rolling 7 days (15 Oct - 21 Oct),215.3
Pwllheli & Morfa Nefyn,Gwynedd,All cases,"1,068.9"
Pwllheli & Morfa Nefyn,Gwynedd,Rolling 21 days (01 Oct - 21 Oct),356.3
Pwllheli & Morfa Nefyn,Gwynedd,Rolling 7 days (15 Oct - 21 Oct),83.1
Pye Corner & Graig,Newport,All cases,760.3
Pye Corner & Graig,Newport,Rolling 21 days (01 Oct - 21 Oct),158.4
Pye Corner & Graig,Newport,Rolling 7 days (15 Oct - 21 Oct),79.2
"Pyle, Kenfig Hill & Cefncribwr",Bridgend,All cases,"1,011.8"
"Pyle, Kenfig Hill & Cefncribwr",Bridgend,Rolling 21 days (01 Oct - 21 Oct),505.9
"Pyle, Kenfig Hill & Cefncribwr",Bridgend,Rolling 7 days (15 Oct - 21 Oct),183.0
Queensferry & Sandycroft,Flintshire,All cases,808.8
Queensferry & Sandycroft,Flintshire,Rolling 21 days (01 Oct - 21 Oct),413.4
Queensferry & Sandycroft,Flintshire,Rolling 7 days (15 Oct - 21 Oct),161.8
"Radyr, Morganstown & Gwaelod-y-garth",Cardiff,All cases,"1,106.5"
"Radyr, Morganstown & Gwaelod-y-garth",Cardiff,Rolling 21 days (01 Oct - 21 Oct),295.1
"Radyr, Morganstown & Gwaelod-y-garth",Cardiff,Rolling 7 days (15 Oct - 21 Oct),147.5
Rassau & Beaufort,Blaenau Gwent,All cases,"1,575.8"
Rassau & Beaufort,Blaenau Gwent,Rolling 21 days (01 Oct - 21 Oct),440.1
Rassau & Beaufort,Blaenau Gwent,Rolling 7 days (15 Oct - 21 Oct),184.6
Ravenhill,Swansea,All cases,"1,317.2"
Ravenhill,Swansea,Rolling 21 days (01 Oct - 21 Oct),581.5
Ravenhill,Swansea,Rolling 7 days (15 Oct - 21 Oct),189.9
Rhaglan & Llantilio Crossenny,Monmouthshire,All cases,410.1
Rhaglan & Llantilio Crossenny,Monmouthshire,Rolling 21 days (01 Oct - 21 Oct),191.4
Rhaglan & Llantilio Crossenny,Monmouthshire,Rolling 7 days (15 Oct - 21 Oct),95.7
"Rhayader, Newbridge-on-Wye & Elan Valley",Powys,All cases,457.6
"Rhayader, Newbridge-on-Wye & Elan Valley",Powys,Rolling 21 days (01 Oct - 21 Oct),180.3
"Rhayader, Newbridge-on-Wye & Elan Valley",Powys,Rolling 7 days (15 Oct - 21 Oct),55.5
"Rheidol, Ystwyth & Caron",Ceredigion,All cases,259.8
"Rheidol, Ystwyth & Caron",Ceredigion,Rolling 21 days (01 Oct - 21 Oct),86.6
"Rheidol, Ystwyth & Caron",Ceredigion,Rolling 7 days (15 Oct - 21 Oct),43.3
Rhiwbina & Pant-mawr,Cardiff,All cases,"1,063.2"
Rhiwbina & Pant-mawr,Cardiff,Rolling 21 days (01 Oct - 21 Oct),334.1
Rhiwbina & Pant-mawr,Cardiff,Rolling 7 days (15 Oct - 21 Oct),106.3
Rhiwbina Village,Cardiff,All cases,"1,179.6"
Rhiwbina Village,Cardiff,Rolling 21 days (01 Oct - 21 Oct),415.5
Rhiwbina Village,Cardiff,Rolling 7 days (15 Oct - 21 Oct),160.9
Rhoose & Airport,The Vale of Glamorgan,All cases,604.3
Rhoose & Airport,The Vale of Glamorgan,Rolling 21 days (01 Oct - 21 Oct),184.6
Rhoose & Airport,The Vale of Glamorgan,Rolling 7 days (15 Oct - 21 Oct),67.1
Rhos-on-Sea,Conwy,All cases,"1,114.8"
Rhos-on-Sea,Conwy,Rolling 21 days (01 Oct - 21 Oct),349.4
Rhos-on-Sea,Conwy,Rolling 7 days (15 Oct - 21 Oct),49.9
"Rhos-y-bol, Marian-glas & Moelfre",Anglesey,All cases,701.0
"Rhos-y-bol, Marian-glas & Moelfre",Anglesey,Rolling 21 days (01 Oct - 21 Oct),62.3
"Rhos-y-bol, Marian-glas & Moelfre",Anglesey,Rolling 7 days (15 Oct - 21 Oct),<32
Rhosllannerchrugog & Johnstown South,Wrexham,All cases,"2,333.2"
Rhosllannerchrugog & Johnstown South,Wrexham,Rolling 21 days (01 Oct - 21 Oct),896.3
Rhosllannerchrugog & Johnstown South,Wrexham,Rolling 7 days (15 Oct - 21 Oct),426.8
Rhuddlan & Bodelwyddan,Denbighshire,All cases,"1,467.1"
Rhuddlan & Bodelwyddan,Denbighshire,Rolling 21 days (01 Oct - 21 Oct),405.8
Rhuddlan & Bodelwyddan,Denbighshire,Rolling 7 days (15 Oct - 21 Oct),171.7
Rhyl East,Denbighshire,All cases,"1,274.8"
Rhyl East,Denbighshire,Rolling 21 days (01 Oct - 21 Oct),440.2
Rhyl East,Denbighshire,Rolling 7 days (15 Oct - 21 Oct),100.9
Rhyl North,Denbighshire,All cases,"1,856.7"
Rhyl North,Denbighshire,Rolling 21 days (01 Oct - 21 Oct),419.6
Rhyl North,Denbighshire,Rolling 7 days (15 Oct - 21 Oct),167.8
Rhyl South West,Denbighshire,All cases,"1,616.7"
Rhyl South West,Denbighshire,Rolling 21 days (01 Oct - 21 Oct),490.5
Rhyl South West,Denbighshire,Rolling 7 days (15 Oct - 21 Oct),72.7
"Rhymney, Pontlottyn & Abertysswg",Caerphilly,All cases,"1,126.1"
"Rhymney, Pontlottyn & Abertysswg",Caerphilly,Rolling 21 days (01 Oct - 21 Oct),551.8
"Rhymney, Pontlottyn & Abertysswg",Caerphilly,Rolling 7 days (15 Oct - 21 Oct),292.8
Ridgeway & Glasllwch,Newport,All cases,"1,053.6"
Ridgeway & Glasllwch,Newport,Rolling 21 days (01 Oct - 21 Oct),314.5
Ridgeway & Glasllwch,Newport,Rolling 7 days (15 Oct - 21 Oct),173.0
Ringland,Newport,All cases,951.0
Ringland,Newport,Rolling 21 days (01 Oct - 21 Oct),167.8
Ringland,Newport,Rolling 7 days (15 Oct - 21 Oct),74.6
Risca East,Caerphilly,All cases,955.1
Risca East,Caerphilly,Rolling 21 days (01 Oct - 21 Oct),222.9
Risca East,Caerphilly,Rolling 7 days (15 Oct - 21 Oct),79.6
Risca West,Caerphilly,All cases,"1,311.5"
Risca West,Caerphilly,Rolling 21 days (01 Oct - 21 Oct),250.7
Risca West,Caerphilly,Rolling 7 days (15 Oct - 21 Oct),115.7
Roath,Cardiff,All cases,"1,953.4"
Roath,Cardiff,Rolling 21 days (01 Oct - 21 Oct),970.2
Roath,Cardiff,Rolling 7 days (15 Oct - 21 Oct),491.6
Rogerstone,Newport,All cases,"1,311.2"
Rogerstone,Newport,Rolling 21 days (01 Oct - 21 Oct),281.8
Rogerstone,Newport,Rolling 7 days (15 Oct - 21 Oct),108.4
Ruabon & Marchwiel,Wrexham,All cases,"1,644.8"
Ruabon & Marchwiel,Wrexham,Rolling 21 days (01 Oct - 21 Oct),875.2
Ruabon & Marchwiel,Wrexham,Rolling 7 days (15 Oct - 21 Oct),362.2
Rumney,Cardiff,All cases,"1,562.5"
Rumney,Cardiff,Rolling 21 days (01 Oct - 21 Oct),390.6
Rumney,Cardiff,Rolling 7 days (15 Oct - 21 Oct),186.8
Ruthin,Denbighshire,All cases,"1,172.7"
Ruthin,Denbighshire,Rolling 21 days (01 Oct - 21 Oct),231.0
Ruthin,Denbighshire,Rolling 7 days (15 Oct - 21 Oct),106.6
Sandfields,Neath Port Talbot,All cases,"1,418.7"
Sandfields,Neath Port Talbot,Rolling 21 days (01 Oct - 21 Oct),689.1
Sandfields,Neath Port Talbot,Rolling 7 days (15 Oct - 21 Oct),253.3
"Sarn, Bryn-coch & Bryncethin",Bridgend,All cases,"1,175.8"
"Sarn, Bryn-coch & Bryncethin",Bridgend,Rolling 21 days (01 Oct - 21 Oct),431.6
"Sarn, Bryn-coch & Bryncethin",Bridgend,Rolling 7 days (15 Oct - 21 Oct),133.9
Saundersfoot,Pembrokeshire,All cases,400.3
Saundersfoot,Pembrokeshire,Rolling 21 days (01 Oct - 21 Oct),94.2
Saundersfoot,Pembrokeshire,Rolling 7 days (15 Oct - 21 Oct),<24
Sennybridge & Talybont-on-Usk,Powys,All cases,513.8
Sennybridge & Talybont-on-Usk,Powys,Rolling 21 days (01 Oct - 21 Oct),132.6
Sennybridge & Talybont-on-Usk,Powys,Rolling 7 days (15 Oct - 21 Oct),49.7
Shaftesbury & Crindai,Newport,All cases,782.3
Shaftesbury & Crindai,Newport,Rolling 21 days (01 Oct - 21 Oct),118.1
Shaftesbury & Crindai,Newport,Rolling 7 days (15 Oct - 21 Oct),<30
Shotton & Garden City,Flintshire,All cases,"1,125.9"
Shotton & Garden City,Flintshire,Rolling 21 days (01 Oct - 21 Oct),395.1
Shotton & Garden City,Flintshire,Rolling 7 days (15 Oct - 21 Oct),59.3
Sirhowy,Blaenau Gwent,All cases,"1,625.2"
Sirhowy,Blaenau Gwent,Rolling 21 days (01 Oct - 21 Oct),720.7
Sirhowy,Blaenau Gwent,Rolling 7 days (15 Oct - 21 Oct),424.0
Sketty,Swansea,All cases,"1,636.2"
Sketty,Swansea,Rolling 21 days (01 Oct - 21 Oct),928.3
Sketty,Swansea,Rolling 7 days (15 Oct - 21 Oct),487.7
Skewen & Jersey Marine,Neath Port Talbot,All cases,"1,721.6"
Skewen & Jersey Marine,Neath Port Talbot,Rolling 21 days (01 Oct - 21 Oct),"1,163.0"
Skewen & Jersey Marine,Neath Port Talbot,Rolling 7 days (15 Oct - 21 Oct),750.9
South Riverside,Cardiff,All cases,"1,466.6"
South Riverside,Cardiff,Rolling 21 days (01 Oct - 21 Oct),740.0
South Riverside,Cardiff,Rolling 7 days (15 Oct - 21 Oct),309.5
Splott,Cardiff,All cases,"1,200.3"
Splott,Cardiff,Rolling 21 days (01 Oct - 21 Oct),454.2
Splott,Cardiff,Rolling 7 days (15 Oct - 21 Oct),178.4
St Asaph & Trefnant,Denbighshire,All cases,"1,156.7"
St Asaph & Trefnant,Denbighshire,Rolling 21 days (01 Oct - 21 Oct),186.6
St Asaph & Trefnant,Denbighshire,Rolling 7 days (15 Oct - 21 Oct),74.6
St Cattwg,Caerphilly,All cases,"1,144.0"
St Cattwg,Caerphilly,Rolling 21 days (01 Oct - 21 Oct),565.4
St Cattwg,Caerphilly,Rolling 7 days (15 Oct - 21 Oct),249.8
St Davids & Letterston,Pembrokeshire,All cases,328.9
St Davids & Letterston,Pembrokeshire,Rolling 21 days (01 Oct - 21 Oct),118.4
St Davids & Letterston,Pembrokeshire,Rolling 7 days (15 Oct - 21 Oct),78.9
St Julians & Barnardtown,Newport,All cases,"1,071.5"
St Julians & Barnardtown,Newport,Rolling 21 days (01 Oct - 21 Oct),225.6
St Julians & Barnardtown,Newport,Rolling 7 days (15 Oct - 21 Oct),70.5
St Mellons West,Cardiff,All cases,"1,061.9"
St Mellons West,Cardiff,Rolling 21 days (01 Oct - 21 Oct),307.8
St Mellons West,Cardiff,Rolling 7 days (15 Oct - 21 Oct),61.6
St Thomas,Swansea,All cases,"1,221.3"
St Thomas,Swansea,Rolling 21 days (01 Oct - 21 Oct),520.0
St Thomas,Swansea,Rolling 7 days (15 Oct - 21 Oct),181.4
Stow Hill,Newport,All cases,"1,311.2"
Stow Hill,Newport,Rolling 21 days (01 Oct - 21 Oct),274.4
Stow Hill,Newport,Rolling 7 days (15 Oct - 21 Oct),137.2
Swiss Valley & Llangennech,Carmarthenshire,All cases,"1,424.3"
Swiss Valley & Llangennech,Carmarthenshire,Rolling 21 days (01 Oct - 21 Oct),561.9
Swiss Valley & Llangennech,Carmarthenshire,Rolling 7 days (15 Oct - 21 Oct),274.4
Taff's Well & Nantgarw,Rhondda Cynon Taf,All cases,"1,651.5"
Taff's Well & Nantgarw,Rhondda Cynon Taf,Rolling 21 days (01 Oct - 21 Oct),467.9
Taff's Well & Nantgarw,Rhondda Cynon Taf,Rolling 7 days (15 Oct - 21 Oct),234.0
Tenby & Caldey,Pembrokeshire,All cases,411.5
Tenby & Caldey,Pembrokeshire,Rolling 21 days (01 Oct - 21 Oct),148.1
Tenby & Caldey,Pembrokeshire,Rolling 7 days (15 Oct - 21 Oct),65.8
Thornhill,Cardiff,All cases,"1,190.3"
Thornhill,Cardiff,Rolling 21 days (01 Oct - 21 Oct),396.8
Thornhill,Cardiff,Rolling 7 days (15 Oct - 21 Oct),120.8
Tongwynlais & Coryton,Cardiff,All cases,"1,250.0"
Tongwynlais & Coryton,Cardiff,Rolling 21 days (01 Oct - 21 Oct),426.1
Tongwynlais & Coryton,Cardiff,Rolling 7 days (15 Oct - 21 Oct),85.2
Tonypandy East,Rhondda Cynon Taf,All cases,"2,446.4"
Tonypandy East,Rhondda Cynon Taf,Rolling 21 days (01 Oct - 21 Oct),889.6
Tonypandy East,Rhondda Cynon Taf,Rolling 7 days (15 Oct - 21 Oct),257.5
Tonypandy West & Clydach Vale,Rhondda Cynon Taf,All cases,"3,200.1"
Tonypandy West & Clydach Vale,Rhondda Cynon Taf,Rolling 21 days (01 Oct - 21 Oct),"1,056.5"
Tonypandy West & Clydach Vale,Rhondda Cynon Taf,Rolling 7 days (15 Oct - 21 Oct),306.2
Tonyrefail East,Rhondda Cynon Taf,All cases,"1,817.3"
Tonyrefail East,Rhondda Cynon Taf,Rolling 21 days (01 Oct - 21 Oct),483.5
Tonyrefail East,Rhondda Cynon Taf,Rolling 7 days (15 Oct - 21 Oct),133.4
Tonyrefail West,Rhondda Cynon Taf,All cases,"2,082.1"
Tonyrefail West,Rhondda Cynon Taf,Rolling 21 days (01 Oct - 21 Oct),690.8
Tonyrefail West,Rhondda Cynon Taf,Rolling 7 days (15 Oct - 21 Oct),233.5
"Town North, University & Rhos-ddu",Wrexham,All cases,"2,094.1"
"Town North, University & Rhos-ddu",Wrexham,Rolling 21 days (01 Oct - 21 Oct),517.9
"Town North, University & Rhos-ddu",Wrexham,Rolling 7 days (15 Oct - 21 Oct),157.6
Townhill,Swansea,All cases,"1,022.2"
Townhill,Swansea,Rolling 21 days (01 Oct - 21 Oct),560.6
Townhill,Swansea,Rolling 7 days (15 Oct - 21 Oct),208.8
"Tre-lech, Cenarth & Llangeler",Carmarthenshire,All cases,301.2
"Tre-lech, Cenarth & Llangeler",Carmarthenshire,Rolling 21 days (01 Oct - 21 Oct),144.1
"Tre-lech, Cenarth & Llangeler",Carmarthenshire,Rolling 7 days (15 Oct - 21 Oct),39.3
Tredegar & Georgetown,Blaenau Gwent,All cases,"1,879.6"
Tredegar & Georgetown,Blaenau Gwent,Rolling 21 days (01 Oct - 21 Oct),921.8
Tredegar & Georgetown,Blaenau Gwent,Rolling 7 days (15 Oct - 21 Oct),443.0
Trefethin & Pen-y-garn,Torfaen,All cases,786.3
Trefethin & Pen-y-garn,Torfaen,Rolling 21 days (01 Oct - 21 Oct),353.8
Trefethin & Pen-y-garn,Torfaen,Rolling 7 days (15 Oct - 21 Oct),157.3
Trefforest,Rhondda Cynon Taf,All cases,"1,479.9"
Trefforest,Rhondda Cynon Taf,Rolling 21 days (01 Oct - 21 Oct),572.2
Trefforest,Rhondda Cynon Taf,Rolling 7 days (15 Oct - 21 Oct),226.9
Treharris & Trelewis,Merthyr Tydfil,All cases,"1,522.4"
Treharris & Trelewis,Merthyr Tydfil,Rolling 21 days (01 Oct - 21 Oct),629.6
Treharris & Trelewis,Merthyr Tydfil,Rolling 7 days (15 Oct - 21 Oct),183.2
Treherbert,Rhondda Cynon Taf,All cases,"3,309.5"
Treherbert,Rhondda Cynon Taf,Rolling 21 days (01 Oct - 21 Oct),"1,381.8"
Treherbert,Rhondda Cynon Taf,Rolling 7 days (15 Oct - 21 Oct),443.5
Tremorfa & Pengam,Cardiff,All cases,"1,615.1"
Tremorfa & Pengam,Cardiff,Rolling 21 days (01 Oct - 21 Oct),587.3
Tremorfa & Pengam,Cardiff,Rolling 7 days (15 Oct - 21 Oct),146.8
Treorchy,Rhondda Cynon Taf,All cases,"2,691.5"
Treorchy,Rhondda Cynon Taf,Rolling 21 days (01 Oct - 21 Oct),"1,105.2"
Treorchy,Rhondda Cynon Taf,Rolling 7 days (15 Oct - 21 Oct),260.0
Trowbridge,Cardiff,All cases,"1,529.8"
Trowbridge,Cardiff,Rolling 21 days (01 Oct - 21 Oct),273.8
Trowbridge,Cardiff,Rolling 7 days (15 Oct - 21 Oct),80.5
Ty-coch,Swansea,All cases,"1,428.7"
Ty-coch,Swansea,Rolling 21 days (01 Oct - 21 Oct),537.3
Ty-coch,Swansea,Rolling 7 days (15 Oct - 21 Oct),268.7
Tylorstown,Rhondda Cynon Taf,All cases,"3,107.1"
Tylorstown,Rhondda Cynon Taf,Rolling 21 days (01 Oct - 21 Oct),692.3
Tylorstown,Rhondda Cynon Taf,Rolling 7 days (15 Oct - 21 Oct),236.4
Tywyn & Llangelynnin,Gwynedd,All cases,550.6
Tywyn & Llangelynnin,Gwynedd,Rolling 21 days (01 Oct - 21 Oct),80.6
Tywyn & Llangelynnin,Gwynedd,Rolling 7 days (15 Oct - 21 Oct),67.1
Uplands,Swansea,All cases,"1,638.5"
Uplands,Swansea,Rolling 21 days (01 Oct - 21 Oct),814.1
Uplands,Swansea,Rolling 7 days (15 Oct - 21 Oct),298.8
Upper Colwyn Bay,Conwy,All cases,"1,357.6"
Upper Colwyn Bay,Conwy,Rolling 21 days (01 Oct - 21 Oct),514.0
Upper Colwyn Bay,Conwy,Rolling 7 days (15 Oct - 21 Oct),145.0
"Usk, Goytre & Llangybi Fawr",Monmouthshire,All cases,874.2
"Usk, Goytre & Llangybi Fawr",Monmouthshire,Rolling 21 days (01 Oct - 21 Oct),291.4
"Usk, Goytre & Llangybi Fawr",Monmouthshire,Rolling 7 days (15 Oct - 21 Oct),81.6
Victoria & Somerton,Newport,All cases,"1,037.5"
Victoria & Somerton,Newport,Rolling 21 days (01 Oct - 21 Oct),253.1
Victoria & Somerton,Newport,Rolling 7 days (15 Oct - 21 Oct),143.4
Victoria Park,Cardiff,All cases,"1,460.3"
Victoria Park,Cardiff,Rolling 21 days (01 Oct - 21 Oct),448.1
Victoria Park,Cardiff,Rolling 7 days (15 Oct - 21 Oct),<34
Welshpool,Powys,All cases,"1,368.0"
Welshpool,Powys,Rolling 21 days (01 Oct - 21 Oct),44.6
Welshpool,Powys,Rolling 7 days (15 Oct - 21 Oct),<30
West Cross,Swansea,All cases,"1,045.0"
West Cross,Swansea,Rolling 21 days (01 Oct - 21 Oct),353.5
West Cross,Swansea,Rolling 7 days (15 Oct - 21 Oct),169.0
West Gower,Swansea,All cases,599.1
West Gower,Swansea,Rolling 21 days (01 Oct - 21 Oct),236.5
West Gower,Swansea,Rolling 7 days (15 Oct - 21 Oct),126.1
West Pontnewydd & Thornhill,Torfaen,All cases,713.3
West Pontnewydd & Thornhill,Torfaen,Rolling 21 days (01 Oct - 21 Oct),312.1
West Pontnewydd & Thornhill,Torfaen,Rolling 7 days (15 Oct - 21 Oct),163.5
Whitchurch,Cardiff,All cases,"1,171.1"
Whitchurch,Cardiff,Rolling 21 days (01 Oct - 21 Oct),277.0
Whitchurch,Cardiff,Rolling 7 days (15 Oct - 21 Oct),113.3
"Whitland, Laugharne & Llansteffan",Carmarthenshire,All cases,424.6
"Whitland, Laugharne & Llansteffan",Carmarthenshire,Rolling 21 days (01 Oct - 21 Oct),136.2
"Whitland, Laugharne & Llansteffan",Carmarthenshire,Rolling 7 days (15 Oct - 21 Oct),48.1
Wrexham West,Wrexham,All cases,"2,963.8"
Wrexham West,Wrexham,Rolling 21 days (01 Oct - 21 Oct),372.0
Wrexham West,Wrexham,Rolling 7 days (15 Oct - 21 Oct),108.0
Ynysawdre & Aberkenfig,Bridgend,All cases,"1,205.8"
Ynysawdre & Aberkenfig,Bridgend,Rolling 21 days (01 Oct - 21 Oct),555.3
Ynysawdre & Aberkenfig,Bridgend,Rolling 7 days (15 Oct - 21 Oct),190.4
Yr Hendy & T?-croes,Carmarthenshire,All cases,924.6
Yr Hendy & T?-croes,Carmarthenshire,Rolling 21 days (01 Oct - 21 Oct),280.7
Yr Hendy & T?-croes,Carmarthenshire,Rolling 7 days (15 Oct - 21 Oct),132.1
Ystalyfera & Gwaun-Cae-Gurwen,Neath Port Talbot,All cases,765.0
Ystalyfera & Gwaun-Cae-Gurwen,Neath Port Talbot,Rolling 21 days (01 Oct - 21 Oct),210.4
Ystalyfera & Gwaun-Cae-Gurwen,Neath Port Talbot,Rolling 7 days (15 Oct - 21 Oct),57.4
Ystrad & Llwynypia,Rhondda Cynon Taf,All cases,"2,683.7"
Ystrad & Llwynypia,Rhondda Cynon Taf,Rolling 21 days (01 Oct - 21 Oct),930.6
Ystrad & Llwynypia,Rhondda Cynon Taf,Rolling 7 days (15 Oct - 21 Oct),389.6
Ystrad Mynach & Nelson,Caerphilly,All cases,"1,332.9"
Ystrad Mynach & Nelson,Caerphilly,Rolling 21 days (01 Oct - 21 Oct),661.6
Ystrad Mynach & Nelson,Caerphilly,Rolling 7 days (15 Oct - 21 Oct),330.8
Ystradgynlais & Tawe Uchaf,Powys,All cases,"1,336.0"
Ystradgynlais & Tawe Uchaf,Powys,Rolling 21 days (01 Oct - 21 Oct),346.4
Ystradgynlais & Tawe Uchaf,Powys,Rolling 7 days (15 Oct - 21 Oct),118.8
